ID,PlName,soil,Moi_min,Moi_max,pH_min,pH_max,Nut_min,Nut_max,Temp_min,Temp_max,Sal_min,Sal_max,local
1,Plant_1,7,37.47,50.08,4.56,6.97,9.59,12.05,34.14,36.3,24.08,38.58,None
2,Plant_2,6,2.44,73.64,5.78,6.89,8.01,9.29,4.78,21.71,20.28,43.14,None
3,Plant_3,2,23.65,78.92,6.39,8.51,14.45,-1,8.65,31.84,27.87,48.75,None
4,Plant_4,2,15.73,77.72,4.01,9.15,13.44,-1,15.73,24.69,15.01,40.78,None
5,Plant_5,9,7.65,30.37,7.15,7.64,8.19,-1,7.23,12.95,6.1,43.89,None
6,Plant_6,9,22.89,93.06,8.01,9.54,11.73,-1,-0.18,9.39,10.43,41.53,None
7,Plant_7,8,8.35,54.95,4.66,7.31,1.36,-1,4.09,26.92,5.73,14.58,None
8,Plant_8,3,46.62,58.28,4.53,5.15,2.86,-1,9.3,27.64,2.52,12.28,None
9,Plant_9,9,10.34,47.26,8.43,9.32,5.17,-1,-0.03,23.5,5.83,9.45,None
10,Plant_10,4,59.89,87.14,5.68,9.68,5.15,-1,14.25,21.25,26.05,38.47,None
11,Plant_11,8,8.18,27.18,7.86,8.79,13.16,-1,3.16,24.58,23.98,33.63,None
12,Plant_12,2,25.56,89.57,5.93,8.86,6.81,10.23,24.68,36.86,7.41,12.44,None
13,Plant_13,5,39.35,42.15,6.25,9.76,13.29,-1,5.79,34.33,9.79,22.84,None
14,Plant_14,7,20.26,65.99,6.58,7.5,2.41,9.38,21.79,28.87,19.73,34.73,None
15,Plant_15,4,10.11,82.47,5.61,9.98,4.88,-1,13.5,30.43,10.27,33.31,None
16,Plant_16,0,45.53,70.27,6.4,7.07,5.25,-1,-4.39,-0.36,15.12,47.11,None
17,Plant_17,4,33.69,91.91,5.03,8.94,3.71,-1,2.79,18.44,16.75,30.28,None
18,Plant_18,2,4.09,75.64,4.21,7.83,8.36,-1,24.11,27.97,8.51,45.9,None
19,Plant_19,1,63.52,85.48,4.68,6.92,6.08,6.13,34.37,34.44,12.31,38.3,None
20,Plant_20,6,28.58,42.13,5.81,7.44,6.65,-1,4.67,24.84,13.69,45.1,None
21,Plant_21,6,71.94,84.71,5.21,9.98,4.07,12.15,0.37,26.01,19.93,27.33,None
22,Plant_22,5,58.18,69.64,7.19,8.59,12.97,-1,-2.5,34.62,11.31,21.88,None
23,Plant_23,1,3.2,57.69,4.97,7.8,3.19,-1,4.8,6.24,3.37,23.37,None
24,Plant_24,8,59.43,70.85,6.54,7.39,3.24,10.74,-0.76,11.2,35.32,44.02,None
25,Plant_25,9,6.57,78.53,7.08,8.66,8.02,-1,9.24,35.02,15.79,34.11,None
26,Plant_26,6,27.61,83.44,8.61,9.3,12.42,-1,-4.7,35.95,0.05,17.2,None
27,Plant_27,8,31.41,45.92,6.13,6.89,6.72,-1,24.7,34.35,30.45,32.11,None
28,Plant_28,0,44.71,98.89,4.27,8.5,6.27,8.09,1.5,12.92,23.29,31.32,None
29,Plant_29,2,0.74,14.2,5.04,5.59,7.7,11.45,-4.08,26.6,5.15,8.38,None
30,Plant_30,7,80.5,85.29,4.86,9.7,4.19,-1,12.8,24.73,2.96,49.87,None
31,Plant_31,2,33.23,39.93,4.09,5.12,8.83,-1,-0.31,5.4,26.59,28.87,None
32,Plant_32,6,12.74,84.93,4.62,6.5,3.17,4.8,-0.16,10.16,14.42,17.33,None
33,Plant_33,5,53.73,92.9,5.25,7.66,4.14,-1,8.35,30.74,33.25,46.48,None
34,Plant_34,4,66.57,87.19,4.17,7.57,9.46,-1,11.14,35.44,15.87,41.16,None
35,Plant_35,6,10.59,29.13,6.0,9.86,11.27,-1,3.29,30.84,17.63,33.1,None
36,Plant_36,9,34.25,64.64,4.29,4.67,15.97,-1,22.95,30.13,14.84,31.1,None
37,Plant_37,9,36.04,88.54,6.69,7.47,9.27,15.9,4.01,6.63,38.67,39.99,None
38,Plant_38,5,17.88,49.84,6.59,8.1,15.83,-1,-2.91,33.47,11.5,24.61,None
39,Plant_39,3,25.67,92.82,6.64,7.93,5.27,6.16,-4.15,30.98,10.78,22.67,None
40,Plant_40,4,24.75,48.92,6.17,9.66,10.7,-1,26.11,37.46,32.45,49.22,None
41,Plant_41,3,22.66,59.88,4.64,8.05,0.89,-1,11.7,35.64,24.13,49.07,None
42,Plant_42,6,26.5,72.09,6.62,7.7,15.76,-1,3.64,8.11,16.79,36.14,None
43,Plant_43,6,31.16,45.24,5.33,9.66,5.46,12.99,6.86,10.16,1.21,30.35,None
44,Plant_44,3,27.78,76.49,4.62,5.91,15.71,-1,10.33,38.33,33.82,40.49,None
45,Plant_45,9,32.36,83.97,6.22,6.33,12.8,-1,-4.32,39.88,9.45,18.99,None
46,Plant_46,6,2.01,9.73,5.6,9.95,5.4,-1,1.96,5.72,18.77,19.59,None
47,Plant_47,4,17.35,41.23,7.46,7.91,11.09,14.72,0.75,39.95,4.36,49.21,None
48,Plant_48,4,4.36,24.06,4.77,7.38,4.87,-1,7.96,10.66,4.26,28.28,None
49,Plant_49,0,1.28,69.85,4.5,6.72,3.99,12.03,4.73,37.15,31.05,32.2,None
50,Plant_50,2,76.44,91.33,6.74,8.66,4.09,7.68,23.61,39.41,13.54,33.82,None
51,Plant_51,8,88.72,96.42,4.36,9.8,11.64,14.84,-2.14,12.32,8.66,31.72,None
52,Plant_52,4,31.6,71.22,5.43,8.08,5.3,-1,-0.71,11.3,2.92,47.82,None
53,Plant_53,5,23.22,37.98,4.85,5.58,4.39,-1,16.79,38.45,1.78,44.02,None
54,Plant_54,8,25.46,29.44,5.55,8.87,4.02,-1,14.91,35.51,18.85,41.23,None
55,Plant_55,9,0.1,98.44,5.47,9.88,3.67,9.54,10.79,39.2,34.16,44.96,None
56,Plant_56,9,6.61,29.37,6.81,8.06,5.62,-1,-0.88,19.5,5.05,26.21,None
57,Plant_57,1,10.52,77.09,4.07,5.62,12.89,-1,24.39,32.29,6.15,30.79,None
58,Plant_58,4,22.82,38.8,5.72,8.48,6.08,-1,4.25,10.14,41.84,46.27,None
59,Plant_59,4,2.99,24.51,4.78,9.77,14.42,-1,14.51,23.39,16.29,45.93,None
60,Plant_60,4,91.15,94.3,4.48,8.29,4.95,11.96,4.87,33.47,13.19,37.13,None
61,Plant_61,4,13.24,40.81,6.08,7.84,1.33,9.5,2.46,15.42,0.97,25.29,None
62,Plant_62,1,2.58,46.3,6.44,9.75,7.57,-1,12.5,24.93,22.9,48.62,None
63,Plant_63,0,31.33,41.96,7.48,9.16,7.38,-1,36.15,39.34,13.14,39.47,None
64,Plant_64,5,28.85,34.52,4.65,5.11,4.47,14.65,5.24,38.16,34.72,38.25,None
65,Plant_65,8,26.83,46.3,7.47,8.53,11.44,-1,6.85,13.94,23.3,28.96,None
66,Plant_66,9,50.53,75.35,5.55,6.08,3.77,10.63,-1.12,9.66,9.1,23.18,None
67,Plant_67,3,9.55,25.67,4.91,7.74,6.78,-1,-1.37,35.33,12.36,35.12,None
68,Plant_68,9,27.89,84.32,4.4,6.78,12.72,-1,7.44,38.66,18.47,39.5,None
69,Plant_69,5,55.25,78.66,4.14,5.26,2.53,9.76,24.89,35.19,26.7,35.64,None
70,Plant_70,3,80.24,91.52,7.44,8.76,15.25,-1,17.34,31.28,6.54,25.92,None
71,Plant_71,9,20.19,59.5,5.91,8.87,9.66,13.79,3.76,32.59,16.8,23.72,None
72,Plant_72,1,5.98,50.28,4.92,6.29,15.86,-1,-3.52,4.23,28.46,34.18,None
73,Plant_73,6,0.58,67.88,6.77,8.43,7.15,7.38,18.9,34.82,9.16,9.21,None
74,Plant_74,3,26.15,49.14,4.14,7.62,5.61,10.28,-0.4,14.44,12.42,12.91,None
75,Plant_75,5,27.59,28.43,6.25,8.16,13.63,-1,-3.73,26.28,11.64,40.07,None
76,Plant_76,0,14.24,20.71,5.29,7.48,4.38,7.9,15.07,30.24,25.12,47.28,None
77,Plant_77,5,58.73,75.37,7.59,9.79,2.81,9.86,35.04,37.31,0.54,34.44,None
78,Plant_78,3,5.01,52.12,7.64,9.92,5.46,-1,12.36,13.38,9.3,38.12,None
79,Plant_79,9,4.55,5.89,8.38,8.54,2.36,-1,17.89,25.66,3.74,5.07,None
80,Plant_80,8,94.55,96.02,5.0,6.77,2.46,14.96,11.87,25.49,14.01,33.93,None
81,Plant_81,7,24.62,53.89,6.19,7.24,10.41,13.29,21.95,31.17,24.98,32.23,None
82,Plant_82,8,57.14,85.83,6.72,7.78,10.41,-1,11.49,14.0,36.23,44.38,None
83,Plant_83,2,49.67,92.15,5.92,7.84,12.8,-1,10.85,33.0,24.45,42.99,None
84,Plant_84,5,44.84,53.41,8.1,9.15,13.78,-1,4.35,9.42,7.09,37.69,None
85,Plant_85,2,20.2,39.91,9.01,9.55,11.87,-1,-1.16,6.93,15.44,26.84,None
86,Plant_86,4,38.03,95.47,4.9,8.46,8.04,14.43,-1.57,18.39,31.57,49.26,None
87,Plant_87,1,37.05,85.94,6.1,8.17,10.07,13.48,24.94,30.53,14.73,15.0,None
88,Plant_88,9,29.25,41.84,5.65,6.85,0.17,-1,2.79,15.56,38.71,40.12,None
89,Plant_89,3,7.83,17.53,6.06,9.71,0.66,-1,4.8,33.7,24.65,41.32,None
90,Plant_90,1,31.14,51.0,9.0,9.88,15.8,-1,-3.86,31.53,17.09,40.44,None
91,Plant_91,4,14.84,65.08,4.03,5.81,5.2,15.34,38.26,39.06,28.18,42.7,None
92,Plant_92,7,64.3,78.99,6.21,9.1,13.06,-1,20.71,30.81,22.73,29.66,None
93,Plant_93,6,87.11,90.04,4.08,9.14,3.22,-1,-3.86,37.65,27.02,42.34,None
94,Plant_94,2,15.58,46.11,4.51,7.55,5.0,-1,13.46,25.84,7.26,23.72,None
95,Plant_95,6,2.6,29.15,4.12,8.61,11.16,-1,-1.99,7.6,3.79,4.11,None
96,Plant_96,0,6.14,59.56,6.53,8.16,4.23,-1,14.82,22.72,23.21,42.3,None
97,Plant_97,0,20.41,87.52,7.22,9.98,6.03,-1,22.82,36.87,12.14,49.2,None
98,Plant_98,4,5.43,11.92,4.53,8.47,7.3,-1,-2.91,38.95,13.97,40.67,None
99,Plant_99,8,11.12,72.04,5.52,7.97,5.39,-1,2.01,27.85,6.65,39.16,None
100,Plant_100,1,60.15,67.65,5.92,6.92,5.89,-1,23.28,37.37,0.98,44.32,None
101,Plant_101,6,62.27,80.37,8.53,8.95,12.73,-1,15.61,23.9,2.4,6.78,None
102,Plant_102,3,46.71,94.08,5.0,8.7,15.61,-1,9.26,32.08,9.99,47.81,None
103,Plant_103,9,19.34,83.18,5.08,8.96,11.4,-1,20.18,21.89,21.91,47.23,None
104,Plant_104,0,27.33,72.73,4.77,9.52,10.99,13.69,19.73,25.92,6.29,10.0,None
105,Plant_105,7,75.17,83.19,8.42,8.83,10.56,15.05,19.08,32.18,1.85,43.37,None
106,Plant_106,6,18.77,62.85,4.06,4.51,12.6,-1,19.85,28.73,2.8,41.03,None
107,Plant_107,6,32.83,63.73,4.4,7.22,6.38,14.59,16.24,38.73,18.49,48.72,None
108,Plant_108,9,28.05,61.72,5.81,8.62,7.26,-1,11.63,31.5,7.23,11.41,None
109,Plant_109,5,76.67,99.88,6.43,6.46,9.67,-1,13.78,20.37,10.12,14.97,None
110,Plant_110,2,9.33,62.83,7.95,9.81,15.39,-1,12.29,26.99,8.82,43.24,None
111,Plant_111,7,77.76,90.57,7.44,8.67,8.13,13.76,11.19,27.47,0.13,34.66,None
112,Plant_112,3,15.68,28.07,5.61,6.78,13.81,-1,9.68,20.35,11.18,32.95,None
113,Plant_113,9,13.51,62.83,8.76,9.75,15.71,-1,17.78,20.87,7.63,14.08,None
114,Plant_114,9,31.39,48.75,4.25,5.17,14.22,-1,12.68,35.07,22.88,41.26,None
115,Plant_115,7,23.57,46.27,6.88,9.81,5.48,-1,24.5,35.43,41.58,48.66,None
116,Plant_116,0,4.35,36.68,6.17,6.37,12.78,-1,-1.71,23.78,15.5,16.3,None
117,Plant_117,6,44.25,67.11,7.19,9.82,11.79,-1,36.85,38.65,5.73,5.89,None
118,Plant_118,5,21.51,61.78,5.46,9.75,13.47,-1,38.17,38.18,21.24,24.47,None
119,Plant_119,5,14.57,88.75,4.0,6.16,15.99,-1,6.15,34.15,4.05,5.06,None
120,Plant_120,2,22.44,27.59,7.9,8.53,5.83,-1,5.94,31.89,31.46,44.57,None
121,Plant_121,1,25.97,57.72,4.17,7.91,3.63,12.7,7.02,10.59,31.61,40.58,None
122,Plant_122,7,50.11,90.89,7.34,7.64,7.32,7.43,18.79,20.48,12.12,49.03,None
123,Plant_123,8,12.67,70.4,5.45,7.24,14.58,-1,15.32,28.9,8.0,45.28,None
124,Plant_124,8,16.54,41.13,7.45,8.31,10.44,11.49,25.16,35.5,8.93,34.71,None
125,Plant_125,2,9.05,13.64,4.17,5.67,7.63,-1,37.75,37.9,13.86,31.22,None
126,Plant_126,9,64.91,64.94,4.14,7.57,11.27,-1,0.68,18.03,16.11,18.66,None
127,Plant_127,0,8.12,61.39,7.06,9.94,4.48,-1,0.36,36.85,13.02,20.13,None
128,Plant_128,1,59.23,69.24,5.25,9.76,3.94,14.26,9.54,16.97,14.77,44.59,None
129,Plant_129,8,51.46,99.0,5.62,9.55,5.71,15.17,-0.73,19.17,8.78,36.22,None
130,Plant_130,4,33.46,66.04,4.22,9.65,4.14,9.74,24.83,25.51,20.06,22.01,None
131,Plant_131,0,24.99,32.03,6.08,6.37,4.75,12.56,-2.17,0.8,9.68,46.15,None
132,Plant_132,4,14.78,36.49,8.32,8.92,11.39,-1,-3.31,24.03,7.38,12.56,None
133,Plant_133,2,24.64,40.75,6.81,8.78,1.07,12.86,-2.79,19.52,14.36,24.7,None
134,Plant_134,2,18.79,80.68,9.46,9.53,8.93,9.48,10.04,12.4,1.14,8.94,None
135,Plant_135,3,37.46,56.28,4.13,5.47,5.34,-1,3.33,4.45,13.11,37.26,None
136,Plant_136,8,1.67,46.18,8.15,8.28,10.16,-1,9.48,38.19,8.65,38.85,None
137,Plant_137,6,37.28,87.8,4.33,6.74,2.88,3.96,9.74,26.26,1.36,26.64,None
138,Plant_138,6,25.73,83.08,6.33,7.73,4.52,15.58,16.31,38.21,32.55,49.92,None
139,Plant_139,8,14.91,18.8,6.44,7.05,4.33,-1,13.38,34.03,24.12,31.54,None
140,Plant_140,5,20.66,23.61,4.07,4.27,5.15,15.93,5.01,26.86,7.58,37.5,None
141,Plant_141,4,9.4,13.19,7.01,9.97,5.28,-1,-0.61,38.92,23.69,45.51,None
142,Plant_142,8,38.3,48.97,7.14,8.63,8.96,-1,-4.17,26.83,31.91,47.49,None
143,Plant_143,2,12.18,36.21,4.57,9.3,1.17,-1,13.24,19.09,33.77,36.62,None
144,Plant_144,4,17.81,25.46,5.4,8.78,4.77,-1,14.31,36.97,8.41,31.63,None
145,Plant_145,5,50.92,78.87,9.02,9.7,6.49,13.2,4.42,14.25,4.57,33.52,None
146,Plant_146,0,82.77,97.17,6.76,7.76,6.11,8.36,1.73,4.35,30.45,36.16,None
147,Plant_147,8,51.13,87.91,7.6,9.59,9.88,14.05,10.49,27.31,35.36,42.7,None
148,Plant_148,5,32.96,41.99,6.32,9.08,12.2,-1,20.45,24.05,4.01,33.84,None
149,Plant_149,3,1.68,95.11,5.99,6.2,12.43,-1,-0.88,8.92,0.12,43.88,None
150,Plant_150,9,50.78,59.16,5.02,5.88,6.44,11.56,29.26,37.48,8.11,24.24,None
151,Plant_151,5,75.59,88.95,7.15,7.68,11.73,14.92,-1.72,27.54,47.66,47.77,None
152,Plant_152,0,19.02,22.41,6.81,9.27,12.71,-1,-0.01,38.46,0.89,13.6,None
153,Plant_153,5,49.3,92.37,6.9,8.15,4.81,4.86,14.28,15.07,36.78,45.05,None
154,Plant_154,0,13.79,28.99,7.12,7.53,6.36,13.44,16.29,17.38,13.77,33.48,None
155,Plant_155,3,10.65,42.25,5.43,8.09,0.43,-1,-4.78,29.49,36.62,48.98,None
156,Plant_156,7,54.18,87.29,6.76,8.31,0.02,2.77,2.55,27.0,19.2,30.86,None
157,Plant_157,2,51.14,91.54,4.2,5.23,2.58,-1,17.4,39.91,24.27,42.85,None
158,Plant_158,5,36.51,42.16,7.93,8.62,11.12,12.65,10.86,13.29,3.66,34.28,None
159,Plant_159,6,37.57,84.51,7.53,9.78,9.93,15.06,13.22,34.26,25.6,46.19,None
160,Plant_160,8,16.51,57.29,4.89,7.67,5.5,12.69,15.26,36.13,40.7,42.7,None
161,Plant_161,3,10.41,53.88,6.65,9.08,4.63,12.8,0.47,37.51,37.28,38.42,None
162,Plant_162,5,10.05,92.8,5.7,7.42,13.28,-1,-0.47,5.32,12.38,16.54,None
163,Plant_163,8,94.66,97.49,4.64,9.15,1.79,-1,36.25,39.82,11.0,31.91,None
164,Plant_164,6,40.55,80.57,4.97,5.42,15.82,-1,16.98,17.09,23.54,35.09,None
165,Plant_165,5,31.22,63.93,5.28,9.0,0.44,-1,7.68,24.13,4.33,14.82,None
166,Plant_166,0,36.06,47.45,5.94,9.2,8.51,-1,31.91,38.47,27.65,48.22,None
167,Plant_167,9,23.3,55.54,4.93,6.16,13.18,-1,-3.39,36.92,42.45,45.91,None
168,Plant_168,6,73.5,92.96,7.25,9.04,15.54,-1,8.72,15.03,13.09,49.51,None
169,Plant_169,4,50.79,68.33,5.77,7.17,1.61,13.52,-0.96,2.69,6.57,21.53,None
170,Plant_170,9,33.47,56.41,5.82,9.72,6.36,10.66,2.58,28.85,4.24,32.3,None
171,Plant_171,0,64.06,78.67,6.49,7.89,3.59,-1,-3.12,0.8,12.03,47.84,None
172,Plant_172,5,9.25,29.47,5.08,8.75,12.18,-1,4.74,28.75,40.35,48.19,None
173,Plant_173,6,33.15,75.74,5.4,6.33,12.59,-1,5.29,32.41,20.36,49.49,None
174,Plant_174,6,93.28,98.49,6.84,8.73,7.99,-1,1.9,11.42,10.79,18.98,None
175,Plant_175,2,57.04,77.5,7.63,8.75,13.66,-1,5.09,27.28,15.88,20.83,None
176,Plant_176,5,49.21,95.55,7.27,9.79,3.56,11.63,8.51,8.76,1.26,27.77,None
177,Plant_177,1,71.64,79.34,4.21,9.79,2.02,14.35,29.37,33.42,7.25,49.25,None
178,Plant_178,1,48.41,94.52,6.76,7.52,5.47,7.16,-1.34,11.82,0.04,21.51,None
179,Plant_179,7,35.76,96.87,4.57,5.48,7.12,-1,-4.21,4.81,8.29,23.47,None
180,Plant_180,9,69.24,89.94,6.52,8.08,8.82,10.82,27.41,37.5,5.62,25.75,None
181,Plant_181,2,12.75,53.94,4.54,5.62,8.9,-1,-4.92,24.77,1.89,28.9,None
182,Plant_182,3,35.07,67.08,5.11,8.73,6.67,9.9,-0.66,28.36,2.58,29.14,None
183,Plant_183,5,6.04,28.91,5.29,7.66,7.69,-1,7.78,38.08,25.46,37.94,None
184,Plant_184,4,10.43,95.43,6.02,9.78,10.81,13.45,2.57,31.34,46.31,47.9,None
185,Plant_185,5,87.78,95.34,4.84,9.58,0.83,-1,0.74,26.85,27.21,46.76,None
186,Plant_186,1,51.37,77.92,4.24,4.3,6.73,12.83,0.03,26.4,29.03,48.08,None
187,Plant_187,8,6.68,30.74,5.96,8.27,7.66,-1,-2.46,15.06,19.25,34.24,None
188,Plant_188,9,18.82,33.76,5.21,6.67,3.88,-1,-3.85,34.07,42.64,45.15,None
189,Plant_189,6,68.76,81.42,4.04,8.85,10.27,-1,1.5,14.46,11.23,44.64,None
190,Plant_190,8,12.14,43.14,5.9,7.04,13.48,-1,23.68,26.63,0.56,21.83,None
191,Plant_191,6,18.5,43.42,5.63,9.97,1.32,-1,19.0,19.98,22.36,43.12,None
192,Plant_192,8,19.26,39.32,4.89,6.32,0.54,-1,-2.54,9.51,7.27,36.6,None
193,Plant_193,6,64.95,65.88,4.05,6.89,13.23,-1,-3.35,32.2,2.78,18.86,None
194,Plant_194,0,86.38,88.2,6.35,8.69,5.14,15.11,19.81,31.42,26.89,33.01,None
195,Plant_195,5,35.45,45.37,6.16,9.9,2.11,4.0,20.86,24.32,9.87,32.13,None
196,Plant_196,2,0.58,95.09,6.78,7.01,7.87,15.79,12.64,26.05,11.68,39.11,None
197,Plant_197,9,8.38,20.81,5.7,5.93,12.92,-1,-2.25,21.61,19.34,43.3,None
198,Plant_198,0,58.03,58.21,5.43,6.46,4.78,-1,-1.26,14.8,6.05,45.54,None
199,Plant_199,4,77.57,80.3,6.1,9.86,1.71,9.27,24.68,26.86,25.21,47.95,None
200,Plant_200,5,7.67,49.97,5.47,6.67,13.11,-1,12.59,32.24,1.93,25.29,None
201,Plant_201,8,27.41,66.18,4.16,9.7,14.61,-1,-0.0,8.72,36.13,48.74,None
202,Plant_202,7,30.99,37.67,7.91,9.98,10.38,12.39,8.89,33.72,2.58,47.37,None
203,Plant_203,1,6.21,56.32,5.71,8.1,5.31,15.12,-4.69,37.08,24.5,27.35,None
204,Plant_204,0,57.11,99.48,9.28,9.56,2.5,-1,32.2,36.55,14.28,42.53,None
205,Plant_205,7,23.18,41.87,4.67,6.77,8.4,-1,11.11,31.2,7.75,21.67,None
206,Plant_206,1,59.67,68.41,6.22,7.89,13.9,-1,21.35,23.65,4.8,17.92,None
207,Plant_207,3,50.32,90.18,4.5,5.91,4.66,-1,0.02,5.73,8.28,32.86,None
208,Plant_208,2,7.21,49.41,6.01,6.46,7.41,-1,10.69,30.62,2.3,17.38,None
209,Plant_209,5,34.84,86.76,5.35,7.45,15.25,-1,15.26,30.23,0.27,28.08,None
210,Plant_210,7,32.3,82.23,6.12,8.11,10.56,-1,4.48,12.17,23.17,31.96,None
211,Plant_211,0,1.7,94.11,5.14,9.19,1.5,10.98,34.47,37.8,18.86,26.22,None
212,Plant_212,6,14.57,95.87,6.01,7.7,10.18,14.87,-0.14,11.26,1.92,34.34,None
213,Plant_213,9,7.14,89.64,4.99,7.85,5.2,-1,29.64,35.33,4.42,7.3,None
214,Plant_214,7,26.46,87.17,4.23,8.86,15.98,-1,37.34,38.27,13.54,23.54,None
215,Plant_215,0,2.21,30.66,6.67,6.72,4.38,-1,-4.33,26.22,4.04,31.65,None
216,Plant_216,8,55.09,77.8,4.58,8.59,0.56,7.37,21.45,29.6,17.37,41.27,None
217,Plant_217,6,8.27,71.72,4.22,8.55,6.57,9.21,-2.35,13.25,15.36,17.4,None
218,Plant_218,3,53.61,75.77,4.43,6.27,9.79,-1,-0.64,13.98,15.26,22.77,None
219,Plant_219,0,2.09,29.78,8.15,9.52,7.89,14.79,12.39,18.33,16.41,31.23,None
220,Plant_220,9,3.72,10.91,5.54,7.84,13.43,-1,9.04,35.0,5.96,11.89,None
221,Plant_221,4,55.48,88.48,7.45,9.79,0.27,-1,-1.59,21.45,29.46,45.17,None
222,Plant_222,0,20.83,82.74,5.34,6.88,10.8,-1,5.61,20.11,37.6,40.47,None
223,Plant_223,1,0.94,84.31,8.37,9.73,8.47,-1,31.8,36.89,1.69,49.49,None
224,Plant_224,4,3.75,84.03,4.32,6.14,4.57,8.26,-2.9,21.81,31.35,34.74,None
225,Plant_225,5,29.62,91.55,5.39,7.72,7.96,-1,-4.28,37.32,12.1,31.47,None
226,Plant_226,2,39.29,86.82,5.9,8.65,13.97,-1,13.64,14.4,9.16,30.51,None
227,Plant_227,6,8.98,55.23,6.14,9.15,5.09,14.67,17.77,32.79,8.89,33.27,None
228,Plant_228,9,21.84,52.31,9.01,9.82,2.61,10.82,2.53,33.37,24.21,34.26,None
229,Plant_229,0,75.85,81.61,9.0,9.94,4.22,-1,10.18,35.65,1.3,3.32,None
230,Plant_230,8,10.51,55.45,5.73,9.2,15.11,-1,14.43,28.26,29.0,30.67,None
231,Plant_231,9,58.85,78.84,5.84,9.62,14.04,-1,16.36,32.81,22.35,28.4,None
232,Plant_232,2,48.44,53.06,5.45,6.2,10.7,14.28,21.76,30.49,15.42,47.11,None
233,Plant_233,2,58.78,81.16,4.33,7.8,7.83,14.15,-3.15,38.7,16.38,36.43,None
234,Plant_234,6,2.02,29.37,6.19,9.97,15.55,-1,-1.74,8.39,33.42,44.79,None
235,Plant_235,3,30.85,34.84,8.3,8.94,6.94,15.6,13.89,38.77,13.67,34.69,None
236,Plant_236,3,78.93,93.1,8.17,9.98,9.16,-1,-3.96,21.41,24.27,38.18,None
237,Plant_237,8,83.54,92.42,4.41,6.48,15.32,-1,3.53,8.32,0.3,14.65,None
238,Plant_238,1,46.88,97.66,4.08,7.37,8.35,-1,1.38,7.58,40.23,48.45,None
239,Plant_239,5,64.32,80.49,8.28,9.23,15.58,-1,8.19,24.37,30.41,48.63,None
240,Plant_240,4,8.37,47.95,6.62,9.78,2.24,15.62,13.77,35.74,0.29,18.18,None
241,Plant_241,8,5.28,46.79,6.69,7.53,14.95,-1,-2.97,34.66,19.13,35.39,None
242,Plant_242,0,25.06,72.49,6.43,8.0,5.17,15.59,9.33,11.15,30.36,32.57,None
243,Plant_243,9,42.96,86.29,6.36,7.64,2.97,10.23,33.01,37.6,16.46,49.25,None
244,Plant_244,0,30.41,60.47,5.69,7.82,1.95,13.2,19.17,19.77,11.15,14.24,None
245,Plant_245,6,39.44,69.1,7.52,8.49,0.35,-1,25.34,26.94,23.0,24.57,None
246,Plant_246,2,66.09,78.02,4.92,7.42,14.82,-1,5.41,29.71,2.67,12.17,None
247,Plant_247,1,1.48,87.05,5.32,9.13,12.75,-1,-4.1,20.62,5.4,21.77,None
248,Plant_248,4,47.7,85.86,5.39,6.04,12.76,-1,0.5,2.97,0.51,26.96,None
249,Plant_249,2,54.66,67.17,6.32,6.32,7.63,7.95,-2.48,31.85,1.37,3.66,None
250,Plant_250,2,58.99,77.27,7.01,7.66,15.07,-1,6.68,35.69,1.74,24.1,None
251,Plant_251,9,12.05,89.76,5.69,9.03,9.63,-1,2.17,10.55,21.59,33.82,None
252,Plant_252,6,14.26,20.81,5.3,9.21,2.55,13.25,16.91,26.57,34.29,41.61,None
253,Plant_253,2,2.82,50.19,4.73,5.88,1.86,6.88,11.57,33.68,2.86,35.82,None
254,Plant_254,5,3.21,50.02,6.98,9.38,6.27,-1,8.16,14.68,17.22,27.37,None
255,Plant_255,7,13.85,48.96,4.04,8.87,2.01,15.94,-3.79,26.73,24.24,42.42,None
256,Plant_256,9,10.14,57.28,8.94,9.88,5.5,11.49,-4.95,4.13,22.2,24.87,None
257,Plant_257,4,26.83,86.97,4.25,6.09,11.13,13.68,26.85,32.61,9.0,13.12,None
258,Plant_258,9,71.21,93.84,8.79,8.86,6.24,-1,13.96,37.59,6.21,49.71,None
259,Plant_259,2,46.65,58.51,6.37,9.92,3.91,-1,8.12,28.9,7.97,46.01,None
260,Plant_260,1,65.54,87.78,5.2,8.9,9.5,12.69,24.04,29.46,10.04,31.87,None
261,Plant_261,5,68.61,85.52,6.35,8.52,8.38,10.56,30.52,31.49,27.85,39.97,None
262,Plant_262,1,36.12,62.79,8.43,8.99,2.57,11.16,17.89,26.6,27.14,43.17,None
263,Plant_263,3,32.22,38.92,5.25,7.64,0.67,7.8,12.95,36.8,38.54,40.09,None
264,Plant_264,4,14.25,44.75,5.63,5.65,0.66,-1,16.0,35.94,40.45,41.79,None
265,Plant_265,1,9.24,22.18,4.65,8.38,0.69,-1,15.07,31.55,28.16,29.22,None
266,Plant_266,1,1.41,12.93,4.35,5.12,6.74,13.03,20.2,23.81,0.73,29.46,None
267,Plant_267,4,17.98,21.7,4.81,9.87,12.07,-1,12.15,26.0,17.61,43.59,None
268,Plant_268,2,73.62,93.08,4.69,8.96,15.7,-1,-0.14,15.77,43.7,45.22,None
269,Plant_269,7,67.68,92.35,5.87,6.09,5.94,-1,8.68,22.54,19.47,44.02,None
270,Plant_270,1,41.79,58.97,5.01,6.91,6.94,-1,0.72,8.7,41.58,41.68,None
271,Plant_271,0,9.47,30.89,5.04,7.36,6.1,-1,8.12,29.15,3.68,4.73,None
272,Plant_272,4,8.6,52.18,5.78,8.76,2.34,-1,18.51,18.66,8.74,43.63,None
273,Plant_273,5,87.63,92.92,4.75,8.8,1.65,13.51,26.17,35.12,38.15,48.73,None
274,Plant_274,0,61.16,72.16,5.83,8.18,12.08,-1,-0.69,29.87,6.92,23.78,None
275,Plant_275,1,27.38,46.21,9.15,9.8,9.87,15.99,5.38,19.12,29.32,30.63,None
276,Plant_276,1,71.4,78.62,5.04,9.42,6.13,-1,2.99,16.31,9.36,18.19,None
277,Plant_277,6,4.86,82.22,7.49,7.59,8.6,-1,-1.31,10.24,39.28,40.31,None
278,Plant_278,4,89.29,92.6,5.74,6.29,7.27,10.23,-3.95,38.7,0.44,24.16,None
279,Plant_279,1,24.14,87.31,6.41,9.57,6.46,-1,7.59,31.61,5.81,37.76,None
280,Plant_280,6,52.16,98.95,4.53,6.29,1.66,-1,-3.13,35.13,10.22,35.52,None
281,Plant_281,1,2.23,98.88,7.48,8.06,4.2,13.11,12.48,18.16,6.96,13.54,None
282,Plant_282,4,0.5,56.11,4.85,8.8,9.72,11.47,24.09,35.89,29.97,37.77,None
283,Plant_283,8,3.22,38.42,5.2,5.49,2.93,-1,0.5,9.63,9.37,22.16,None
284,Plant_284,7,83.61,84.28,5.86,8.35,4.26,8.21,5.08,16.43,17.98,44.48,None
285,Plant_285,5,48.36,79.62,4.21,4.82,9.53,9.7,7.07,20.24,0.83,27.9,None
286,Plant_286,7,20.47,88.45,8.06,8.68,1.92,-1,7.11,21.94,2.54,16.75,None
287,Plant_287,5,8.62,24.49,8.84,9.54,15.64,-1,31.39,38.81,21.74,46.14,None
288,Plant_288,6,8.54,99.6,4.25,6.36,0.58,-1,-1.16,32.82,27.01,36.12,None
289,Plant_289,9,42.12,68.17,7.68,8.69,7.28,10.42,24.02,38.17,5.27,8.44,None
290,Plant_290,8,58.01,75.66,6.4,8.71,15.29,-1,6.34,27.45,13.53,17.88,None
291,Plant_291,7,8.06,78.35,5.2,6.71,5.65,5.73,23.76,39.85,1.83,22.23,None
292,Plant_292,5,16.72,53.12,6.39,7.46,5.92,9.25,4.72,39.19,0.33,25.93,None
293,Plant_293,2,1.32,17.07,9.53,9.69,15.51,-1,9.27,17.08,22.61,32.08,None
294,Plant_294,7,0.69,72.76,6.56,8.5,1.65,10.17,22.42,36.59,21.14,48.35,None
295,Plant_295,5,22.54,53.54,6.83,8.79,15.66,-1,17.82,28.87,7.69,47.82,None
296,Plant_296,0,25.59,65.23,4.61,5.88,15.03,-1,15.17,27.75,11.13,27.64,None
297,Plant_297,3,29.24,65.55,7.61,9.06,8.59,-1,-2.92,-1.98,33.51,38.91,None
298,Plant_298,1,34.44,40.95,4.62,5.78,7.09,-1,21.45,23.99,2.24,38.66,None
299,Plant_299,5,47.66,64.2,4.75,5.82,1.15,1.57,-0.37,0.84,12.89,30.54,None
300,Plant_300,2,5.25,92.21,5.73,6.31,4.33,11.63,6.95,33.98,14.07,33.28,None
301,Plant_301,9,33.59,56.03,4.27,5.82,0.35,-1,0.12,22.09,12.16,22.83,None
302,Plant_302,1,49.75,65.05,6.45,9.41,8.28,12.3,10.77,24.82,0.27,45.66,None
303,Plant_303,4,32.21,70.8,4.79,8.33,9.82,-1,29.21,36.65,14.81,40.14,None
304,Plant_304,9,21.32,79.09,4.82,8.89,13.29,-1,3.94,35.12,11.17,39.59,None
305,Plant_305,8,75.74,83.89,8.69,9.29,13.44,-1,33.54,38.25,41.43,43.54,None
306,Plant_306,2,13.03,26.74,5.74,9.94,0.58,-1,0.13,20.21,41.9,45.57,None
307,Plant_307,7,19.86,95.36,8.22,8.46,15.85,-1,27.14,36.23,1.32,7.73,None
308,Plant_308,5,80.61,87.21,6.74,8.3,9.7,11.94,-2.84,9.12,12.12,20.7,None
309,Plant_309,1,44.44,79.16,8.11,8.47,10.09,-1,3.8,10.07,19.67,40.27,None
310,Plant_310,0,59.9,84.25,4.12,6.99,0.61,-1,22.35,34.91,38.37,43.64,None
311,Plant_311,0,9.9,83.59,7.0,8.99,6.33,-1,0.22,30.63,4.11,15.52,None
312,Plant_312,5,60.38,71.42,7.04,8.28,15.55,-1,4.76,33.3,12.67,29.71,None
313,Plant_313,7,40.48,87.24,4.05,4.17,6.72,-1,-1.22,34.95,8.68,15.4,None
314,Plant_314,7,22.05,86.92,5.79,6.05,7.68,-1,21.3,36.66,3.35,40.01,None
315,Plant_315,0,17.9,76.16,5.07,8.64,13.53,-1,28.46,30.17,3.18,49.22,None
316,Plant_316,0,35.16,53.24,5.25,6.4,5.89,7.1,4.64,39.51,17.12,24.6,None
317,Plant_317,9,5.69,18.2,5.0,6.31,1.83,5.01,17.82,30.54,11.2,21.67,None
318,Plant_318,2,43.71,64.14,5.75,8.04,3.31,14.25,-0.86,10.54,2.55,35.61,None
319,Plant_319,6,13.01,38.27,4.55,8.62,1.69,5.25,-4.56,13.7,7.52,19.11,None
320,Plant_320,6,66.86,93.6,7.13,9.17,6.49,-1,10.23,20.12,16.36,20.72,None
321,Plant_321,8,5.55,65.01,6.91,9.3,13.26,-1,2.28,36.24,35.02,49.9,None
322,Plant_322,3,27.34,35.55,5.91,8.04,8.61,11.85,-2.81,-2.8,27.03,38.97,None
323,Plant_323,1,92.3,94.78,6.18,7.07,4.86,-1,0.75,32.89,7.0,49.73,None
324,Plant_324,2,38.41,44.63,6.61,9.4,5.38,6.67,6.29,14.53,18.63,28.64,None
325,Plant_325,7,23.91,69.83,4.37,6.44,14.75,-1,2.89,27.47,40.28,45.64,None
326,Plant_326,2,16.86,83.76,4.04,4.65,13.51,-1,-4.87,26.38,2.43,10.03,None
327,Plant_327,0,56.76,89.0,5.6,6.35,3.1,5.79,31.19,32.47,17.99,39.25,None
328,Plant_328,8,41.75,76.24,6.89,9.62,14.49,-1,5.43,25.28,10.15,33.37,None
329,Plant_329,9,63.91,88.47,5.69,6.85,15.12,-1,5.95,37.23,22.37,33.05,None
330,Plant_330,2,34.88,52.26,4.81,5.21,6.17,-1,19.98,24.54,12.94,14.18,None
331,Plant_331,6,13.48,34.46,5.95,7.09,3.95,-1,1.71,9.83,6.82,35.04,None
332,Plant_332,5,46.44,65.16,4.58,6.93,2.83,-1,3.45,21.0,3.31,16.14,None
333,Plant_333,2,64.17,77.15,4.81,9.99,13.74,-1,21.66,22.28,15.12,36.01,None
334,Plant_334,3,32.67,81.95,4.09,4.66,12.45,-1,-2.34,2.63,30.86,34.02,None
335,Plant_335,6,7.25,42.37,6.52,8.34,7.19,-1,4.43,26.59,14.28,43.5,None
336,Plant_336,1,30.76,35.88,5.25,6.53,0.39,-1,10.6,38.0,30.35,48.17,None
337,Plant_337,9,59.9,75.23,9.11,9.53,8.46,11.3,-1.05,7.08,11.41,32.96,None
338,Plant_338,8,0.98,26.98,6.01,6.55,13.81,-1,18.51,27.08,7.1,38.03,None
339,Plant_339,6,43.94,51.03,6.44,9.06,10.45,14.13,16.25,18.46,8.03,31.87,None
340,Plant_340,0,31.33,90.46,5.1,8.19,12.33,-1,4.29,5.32,15.92,49.09,None
341,Plant_341,1,42.67,85.16,6.25,7.77,15.5,-1,25.39,35.49,28.42,30.16,None
342,Plant_342,5,37.17,61.45,4.67,7.31,4.85,-1,24.02,36.32,24.05,37.43,None
343,Plant_343,6,64.49,92.08,4.53,9.54,1.84,8.05,11.3,36.46,8.2,41.07,None
344,Plant_344,1,15.61,56.39,4.66,7.31,13.24,-1,-3.64,-1.03,18.48,36.04,None
345,Plant_345,4,79.17,98.34,4.41,7.8,2.18,5.43,8.01,18.55,4.29,11.4,None
346,Plant_346,4,8.53,65.68,6.27,9.42,8.93,-1,11.76,14.22,19.95,31.38,None
347,Plant_347,0,17.84,57.65,6.81,7.7,8.96,11.62,15.05,38.42,17.4,31.12,None
348,Plant_348,2,58.23,80.68,4.52,7.15,4.99,-1,7.59,29.66,0.43,32.76,None
349,Plant_349,8,37.84,58.56,9.7,9.97,15.53,-1,0.3,29.69,6.35,39.68,None
350,Plant_350,5,68.01,96.68,6.5,9.07,8.21,-1,31.67,33.06,16.68,25.34,None
351,Plant_351,2,26.01,78.99,5.05,9.24,8.79,13.5,1.01,37.61,30.23,42.71,None
352,Plant_352,5,57.37,60.68,5.21,8.16,12.38,-1,-3.21,36.51,6.44,47.99,None
353,Plant_353,9,8.18,60.73,7.01,9.12,14.1,-1,13.03,22.22,25.38,33.73,None
354,Plant_354,8,18.97,60.77,5.17,6.32,1.98,-1,2.37,13.25,20.61,27.63,None
355,Plant_355,2,70.8,74.09,5.85,6.36,10.53,13.95,5.95,7.4,7.52,21.31,None
356,Plant_356,6,28.21,33.81,4.23,7.17,10.72,-1,1.33,35.53,10.45,13.35,None
357,Plant_357,8,37.53,73.22,8.49,9.7,7.03,-1,-2.58,39.94,0.17,35.14,None
358,Plant_358,1,29.83,65.36,4.73,6.95,4.45,-1,4.51,16.04,16.09,36.72,None
359,Plant_359,4,34.61,91.39,4.77,5.4,0.49,-1,-3.75,39.01,27.09,27.37,None
360,Plant_360,1,84.81,86.49,8.12,8.94,11.77,-1,31.15,39.96,8.99,47.12,None
361,Plant_361,0,90.94,98.95,4.91,7.83,14.92,-1,7.65,35.14,7.78,35.73,None
362,Plant_362,1,14.5,49.12,7.31,7.51,8.48,12.38,-3.1,18.34,14.81,32.23,None
363,Plant_363,5,19.12,54.13,7.31,9.84,6.89,-1,23.83,31.77,6.82,37.36,None
364,Plant_364,1,41.19,74.37,5.58,7.53,14.14,-1,4.52,8.29,5.47,17.51,None
365,Plant_365,7,8.41,37.42,6.57,9.34,1.24,8.35,-2.0,30.85,4.51,18.07,None
366,Plant_366,8,25.32,67.17,8.56,9.97,13.88,-1,27.46,35.83,44.9,48.21,None
367,Plant_367,5,29.25,66.41,6.56,7.47,9.27,-1,10.21,34.66,16.16,19.56,None
368,Plant_368,9,0.15,45.38,9.6,9.86,7.7,-1,-1.94,19.54,34.23,47.88,None
369,Plant_369,4,11.74,89.9,4.83,7.17,13.21,-1,30.74,33.37,4.96,49.15,None
370,Plant_370,2,18.86,58.95,9.63,9.83,6.04,-1,20.69,39.48,40.56,45.27,None
371,Plant_371,0,21.33,88.83,4.11,5.99,10.02,11.93,8.12,28.04,10.72,16.65,None
372,Plant_372,5,86.0,87.4,5.81,5.98,3.27,-1,11.39,29.87,1.71,39.85,None
373,Plant_373,5,85.04,91.98,5.46,9.28,14.69,-1,-4.45,23.44,21.44,45.47,None
374,Plant_374,9,6.19,30.13,4.39,6.58,14.88,-1,12.84,35.02,3.11,47.73,None
375,Plant_375,9,43.74,55.15,7.93,9.56,12.21,-1,18.07,34.97,27.94,45.52,None
376,Plant_376,5,7.81,33.26,4.8,9.86,8.63,-1,0.22,18.35,21.08,37.25,None
377,Plant_377,9,49.56,54.13,5.19,6.33,8.87,-1,0.22,6.82,22.83,46.14,None
378,Plant_378,2,26.57,44.06,6.3,9.19,15.75,-1,16.16,20.57,1.62,45.77,None
379,Plant_379,8,1.79,26.21,4.88,6.96,7.14,-1,7.94,8.82,19.46,39.12,None
380,Plant_380,3,27.85,62.79,5.36,8.27,5.19,10.21,-3.61,9.0,28.92,34.27,None
381,Plant_381,0,44.21,64.89,4.35,4.52,4.66,-1,25.78,36.55,42.56,44.78,None
382,Plant_382,3,26.66,54.1,4.01,6.79,14.37,-1,25.15,37.27,28.48,34.99,None
383,Plant_383,9,64.64,90.17,5.93,9.96,1.55,-1,9.84,20.8,1.93,2.68,None
384,Plant_384,4,48.09,84.51,5.16,9.28,9.52,11.96,14.4,39.77,4.24,29.48,None
385,Plant_385,2,12.51,97.37,8.73,9.97,0.21,8.24,13.57,17.72,2.87,39.68,None
386,Plant_386,9,10.08,79.39,8.48,8.58,14.42,-1,-4.96,22.12,2.33,5.0,None
387,Plant_387,0,33.57,54.5,8.53,9.98,10.68,13.07,11.83,16.55,22.19,27.84,None
388,Plant_388,1,4.85,39.9,7.61,9.25,9.21,-1,1.61,16.58,20.56,49.91,None
389,Plant_389,8,11.61,81.94,4.79,8.39,5.13,-1,-3.09,21.62,12.37,39.35,None
390,Plant_390,8,57.8,70.19,7.87,9.14,9.0,13.86,8.42,29.55,15.21,18.46,None
391,Plant_391,4,15.56,39.47,5.98,6.9,7.52,-1,-2.42,7.9,17.9,39.52,None
392,Plant_392,0,50.16,82.15,7.42,8.44,6.3,15.79,9.14,29.43,2.45,14.71,None
393,Plant_393,2,54.77,69.33,6.21,7.59,8.71,-1,30.22,30.44,35.5,49.89,None
394,Plant_394,9,22.92,88.89,7.16,8.24,6.55,-1,-2.65,27.81,33.77,49.76,None
395,Plant_395,2,4.91,23.41,4.07,4.35,6.55,15.47,-2.04,39.4,8.11,49.66,None
396,Plant_396,6,58.6,59.64,7.61,9.2,0.25,-1,3.38,28.63,8.46,48.38,None
397,Plant_397,6,34.52,59.56,5.14,7.76,7.78,11.13,13.87,14.43,8.91,12.2,None
398,Plant_398,8,53.54,64.45,6.07,8.15,6.53,-1,23.64,39.11,17.86,38.79,None
399,Plant_399,1,20.99,58.42,6.88,7.87,10.79,-1,10.75,15.67,39.49,43.0,None
400,Plant_400,3,83.1,86.85,4.0,8.28,7.71,12.3,22.42,23.73,6.78,47.39,None
401,Plant_401,8,57.63,68.52,6.09,9.42,14.46,-1,20.83,21.27,6.13,40.09,None
402,Plant_402,3,60.09,88.01,5.79,5.88,13.97,-1,15.8,38.83,21.41,22.77,None
403,Plant_403,0,52.01,89.02,4.48,5.24,7.28,7.52,-3.1,30.0,16.32,39.67,None
404,Plant_404,1,43.75,92.49,5.97,6.09,6.74,-1,0.62,20.64,2.95,49.79,None
405,Plant_405,5,11.7,66.29,5.52,9.22,14.25,-1,-3.37,7.17,19.91,36.27,None
406,Plant_406,4,31.24,41.48,4.9,5.58,8.1,-1,23.43,30.1,1.23,8.27,None
407,Plant_407,3,49.42,59.03,6.71,6.87,14.63,-1,14.13,34.52,23.86,26.84,None
408,Plant_408,4,75.12,95.62,4.78,9.77,15.99,-1,11.29,11.37,19.0,47.83,None
409,Plant_409,8,73.16,78.4,4.22,5.61,11.37,-1,7.94,31.47,24.53,34.45,None
410,Plant_410,2,17.92,94.76,6.71,8.1,4.17,-1,16.42,38.44,16.59,47.17,None
411,Plant_411,1,41.16,98.48,5.69,9.13,13.37,-1,27.34,32.82,31.75,34.16,None
412,Plant_412,1,8.64,25.42,4.68,7.65,1.17,2.97,-3.55,39.27,0.13,47.18,None
413,Plant_413,8,48.15,54.36,6.12,6.87,12.64,-1,-3.25,10.62,10.81,46.0,None
414,Plant_414,6,42.5,90.97,6.26,8.57,0.78,5.63,10.31,13.68,28.95,43.09,None
415,Plant_415,5,40.88,81.05,5.43,9.92,11.49,-1,4.44,23.82,6.89,9.95,None
416,Plant_416,4,22.68,62.49,4.61,6.1,5.0,-1,6.98,14.36,1.97,29.24,None
417,Plant_417,4,13.83,43.47,5.21,9.27,0.59,8.77,4.34,6.09,13.34,16.75,None
418,Plant_418,7,29.6,83.94,4.43,9.19,5.15,-1,17.93,21.95,32.32,48.8,None
419,Plant_419,9,65.65,84.79,5.72,9.92,2.51,-1,8.96,35.59,13.17,21.56,None
420,Plant_420,0,1.57,19.07,5.82,7.38,11.29,14.94,8.13,34.97,3.68,34.86,None
421,Plant_421,0,11.68,81.0,5.55,6.33,13.98,-1,29.62,31.34,22.63,30.45,None
422,Plant_422,2,19.65,47.03,4.91,8.69,15.14,-1,2.45,26.1,3.28,22.54,None
423,Plant_423,3,8.35,82.8,7.27,9.29,13.87,-1,-3.53,12.46,17.8,47.58,None
424,Plant_424,5,26.14,41.6,4.93,9.34,11.45,-1,-3.83,6.26,26.35,30.93,None
425,Plant_425,2,3.18,70.32,5.87,9.74,14.44,-1,9.79,15.09,1.7,45.16,None
426,Plant_426,4,14.06,62.41,7.2,9.07,7.18,14.92,2.2,11.16,3.76,42.3,None
427,Plant_427,5,86.24,95.76,7.28,7.7,11.02,-1,-2.59,35.33,33.81,45.04,None
428,Plant_428,8,2.8,12.89,4.3,6.58,15.54,-1,16.8,34.58,1.39,35.95,None
429,Plant_429,4,65.58,72.04,5.8,9.66,14.9,-1,7.23,23.05,10.47,30.66,None
430,Plant_430,2,12.54,40.2,6.79,8.04,5.84,-1,2.59,8.35,28.77,49.38,None
431,Plant_431,3,42.52,98.41,4.59,6.44,11.58,13.83,29.53,38.28,10.41,26.79,None
432,Plant_432,2,19.37,59.02,7.15,8.19,0.67,-1,2.15,26.89,21.35,36.2,None
433,Plant_433,4,32.91,87.55,6.46,8.57,7.79,10.23,5.9,28.72,23.59,46.96,None
434,Plant_434,8,30.99,68.24,5.04,7.77,10.68,-1,24.29,35.6,37.96,44.24,None
435,Plant_435,5,47.14,85.52,7.25,8.92,12.85,-1,4.55,36.99,8.56,20.67,None
436,Plant_436,4,8.0,15.65,7.61,8.85,7.21,7.49,18.43,19.1,3.26,8.79,None
437,Plant_437,9,74.01,96.78,4.08,9.77,13.74,-1,-3.27,20.92,44.97,46.9,None
438,Plant_438,3,40.52,92.05,4.73,7.86,5.37,-1,-2.66,-1.89,18.47,22.64,None
439,Plant_439,6,13.26,71.87,4.9,6.73,2.6,-1,25.91,35.81,37.71,49.08,None
440,Plant_440,5,43.36,57.66,4.69,6.69,2.56,-1,-1.1,28.11,15.03,42.65,None
441,Plant_441,2,10.01,24.99,8.63,8.9,11.5,-1,-2.8,17.88,25.85,40.69,None
442,Plant_442,0,12.74,94.73,4.13,9.68,10.77,-1,11.52,29.12,39.32,45.07,None
443,Plant_443,0,20.63,95.5,5.64,6.69,0.29,-1,32.03,36.18,24.1,41.18,None
444,Plant_444,0,30.25,51.37,7.07,9.75,5.99,14.48,24.01,33.07,4.77,33.78,None
445,Plant_445,5,0.68,28.66,4.28,5.87,11.62,13.58,-3.35,29.15,7.67,29.16,None
446,Plant_446,4,75.9,94.79,9.03,9.22,7.36,7.54,-3.0,8.84,17.92,43.46,None
447,Plant_447,1,49.01,54.08,7.31,7.89,9.42,13.74,19.23,27.85,27.32,44.61,None
448,Plant_448,1,16.25,36.72,8.01,8.35,11.0,-1,5.41,23.78,33.86,48.31,None
449,Plant_449,3,7.62,27.59,5.33,7.33,4.87,15.19,0.8,7.88,16.4,29.16,None
450,Plant_450,4,77.61,83.87,9.35,9.96,14.81,-1,16.88,23.33,0.99,46.25,None
451,Plant_451,4,13.01,80.84,5.94,8.84,14.58,-1,24.47,30.29,13.11,38.97,None
452,Plant_452,0,42.93,59.99,4.27,4.34,1.83,11.24,29.29,33.87,45.86,47.95,None
453,Plant_453,2,75.02,79.19,4.17,9.2,8.39,-1,-2.84,32.68,24.53,41.11,None
454,Plant_454,7,25.47,60.33,6.2,8.61,7.99,14.46,5.19,31.99,2.24,9.36,None
455,Plant_455,3,3.69,92.41,7.5,9.46,4.19,15.35,9.95,14.01,12.34,43.8,None
456,Plant_456,2,10.09,28.81,6.24,7.72,13.11,-1,22.07,28.98,13.27,33.36,None
457,Plant_457,1,43.26,98.32,6.2,8.79,10.01,10.74,10.96,34.29,9.63,47.87,None
458,Plant_458,4,8.85,90.47,6.97,8.3,3.33,8.77,15.44,28.3,30.69,47.25,None
459,Plant_459,0,45.39,89.23,6.0,6.38,13.8,-1,1.95,33.19,34.39,46.61,None
460,Plant_460,3,3.97,91.69,6.91,8.06,4.2,9.32,17.28,27.65,14.82,37.0,None
461,Plant_461,0,59.39,87.03,8.86,8.97,13.91,-1,17.17,24.03,41.2,41.85,None
462,Plant_462,1,35.33,93.28,7.08,9.83,15.79,-1,11.44,32.93,12.54,17.31,None
463,Plant_463,9,10.77,29.32,7.58,9.56,0.07,12.86,10.51,37.85,8.06,29.34,None
464,Plant_464,1,34.67,40.84,8.06,9.41,12.37,-1,20.54,25.2,6.56,12.55,None
465,Plant_465,9,50.08,59.93,4.04,8.36,13.1,-1,28.29,39.74,8.76,15.04,None
466,Plant_466,7,48.77,82.65,6.29,8.1,7.66,-1,14.92,18.91,31.66,47.02,None
467,Plant_467,3,33.66,96.29,5.55,8.62,11.94,-1,13.48,26.83,1.74,3.17,None
468,Plant_468,2,12.75,76.07,7.18,9.03,12.85,-1,-2.5,-1.73,16.43,46.41,None
469,Plant_469,2,3.22,82.14,6.36,6.51,2.41,-1,8.09,17.6,9.38,16.38,None
470,Plant_470,4,24.76,84.81,7.65,9.72,2.38,13.17,4.06,34.36,31.46,39.05,None
471,Plant_471,2,12.54,73.88,9.04,9.34,9.26,-1,16.11,26.32,18.55,38.8,None
472,Plant_472,4,85.93,99.26,6.04,6.45,15.4,-1,16.2,38.98,19.21,23.61,None
473,Plant_473,7,11.35,45.03,5.41,9.0,15.87,-1,17.0,32.47,2.96,17.82,None
474,Plant_474,9,2.61,75.63,7.1,9.47,6.82,-1,30.93,34.01,9.53,42.09,None
475,Plant_475,2,50.98,64.12,4.87,9.09,15.57,-1,12.3,29.54,26.4,43.04,None
476,Plant_476,0,3.03,83.89,5.83,8.67,2.27,-1,5.25,7.1,13.72,45.45,None
477,Plant_477,5,43.29,67.41,5.8,9.35,3.24,-1,20.19,36.47,0.63,38.29,None
478,Plant_478,1,19.7,90.26,4.53,7.27,4.07,13.45,9.02,9.5,11.82,44.93,None
479,Plant_479,6,18.31,52.35,7.21,9.22,10.81,14.41,15.44,33.67,19.25,21.67,None
480,Plant_480,7,46.17,71.63,6.98,7.87,9.66,-1,8.98,11.8,3.87,23.9,None
481,Plant_481,6,12.07,40.75,5.01,8.76,11.14,12.53,1.27,11.57,22.71,41.62,None
482,Plant_482,1,56.42,64.31,7.58,7.95,2.89,9.52,1.85,25.02,28.41,36.78,None
483,Plant_483,7,6.46,60.29,5.06,6.04,7.55,-1,28.59,36.27,7.07,42.13,None
484,Plant_484,5,55.07,89.55,4.71,6.99,12.31,-1,21.63,26.24,2.96,48.89,None
485,Plant_485,2,56.67,68.37,6.61,9.09,6.78,13.72,1.41,3.95,31.32,45.76,None
486,Plant_486,0,39.94,70.9,7.89,9.09,2.41,-1,10.87,24.39,6.55,24.78,None
487,Plant_487,3,36.21,41.0,4.41,4.74,6.1,10.29,31.25,33.84,20.98,39.76,None
488,Plant_488,7,38.56,57.86,7.08,8.78,10.1,14.47,31.56,37.59,16.8,48.85,None
489,Plant_489,5,56.02,65.47,8.4,8.71,11.32,-1,-2.83,19.42,35.97,46.8,None
490,Plant_490,4,25.04,75.82,6.36,6.72,0.49,1.94,0.77,36.6,20.1,21.14,None
491,Plant_491,4,29.25,55.26,6.71,6.9,8.32,-1,-2.45,33.59,3.11,42.06,None
492,Plant_492,7,8.6,9.4,6.52,7.56,3.92,-1,8.79,28.61,4.91,48.2,None
493,Plant_493,9,58.61,96.72,5.46,8.58,11.45,14.27,24.36,35.03,20.51,32.93,None
494,Plant_494,9,8.12,17.25,4.95,6.95,4.46,-1,-2.43,31.02,0.61,4.57,None
495,Plant_495,8,13.45,23.53,6.77,9.23,11.0,13.63,9.46,28.67,17.63,41.01,None
496,Plant_496,2,21.52,43.58,6.25,9.44,5.05,-1,15.4,35.12,24.08,32.57,None
497,Plant_497,8,69.47,71.3,5.52,9.68,7.98,-1,-4.51,16.92,0.42,5.14,None
498,Plant_498,9,31.58,62.3,6.96,9.34,11.45,-1,-0.92,3.23,36.33,39.48,None
499,Plant_499,5,60.81,68.71,5.47,7.74,0.99,4.25,25.74,31.32,5.21,35.92,None
500,Plant_500,9,25.94,94.16,8.33,8.66,5.51,9.76,8.36,20.69,8.21,27.2,None
501,Plant_501,5,14.85,69.92,4.42,8.27,8.64,-1,-4.97,17.58,2.87,32.92,None
502,Plant_502,2,9.65,73.53,4.81,4.91,3.89,-1,11.95,15.32,18.37,35.05,None
503,Plant_503,9,18.32,18.54,6.28,8.57,2.25,4.97,17.96,28.39,1.28,12.46,None
504,Plant_504,4,14.06,33.22,6.61,9.83,14.52,-1,-1.77,31.54,28.12,42.85,None
505,Plant_505,2,51.01,86.21,6.43,7.15,10.68,12.37,7.15,32.9,0.97,22.47,None
506,Plant_506,3,81.19,93.87,4.29,6.5,2.73,15.3,21.87,21.95,0.55,44.38,None
507,Plant_507,0,26.84,33.15,7.67,9.66,13.54,-1,4.1,35.56,12.91,35.46,None
508,Plant_508,7,1.63,45.72,4.83,7.26,1.71,-1,4.41,27.8,33.9,34.93,None
509,Plant_509,2,47.33,98.16,7.85,9.97,3.58,13.77,4.43,6.62,15.36,21.9,None
510,Plant_510,3,31.56,63.24,4.84,5.8,12.2,-1,-0.02,33.84,32.17,44.34,None
511,Plant_511,0,4.94,75.86,9.57,9.77,3.79,5.23,15.4,23.65,13.67,19.96,None
512,Plant_512,4,77.99,84.0,4.17,5.98,12.51,-1,-4.95,9.95,11.92,24.02,None
513,Plant_513,1,78.02,79.79,8.07,9.03,15.99,-1,34.14,36.99,24.38,36.95,None
514,Plant_514,7,14.31,34.86,7.65,9.06,2.59,11.48,34.06,37.07,30.14,42.65,None
515,Plant_515,6,13.6,73.52,4.55,5.65,5.19,8.54,38.15,38.8,6.18,11.22,None
516,Plant_516,9,26.65,79.85,5.75,9.13,12.49,-1,2.07,13.85,16.14,45.33,None
517,Plant_517,8,91.09,92.12,9.69,9.92,10.67,-1,11.3,11.59,1.75,35.37,None
518,Plant_518,7,1.95,68.91,8.97,9.44,6.04,-1,16.2,34.82,18.3,37.66,None
519,Plant_519,3,35.95,41.1,5.69,6.54,7.89,-1,7.39,13.69,6.76,20.33,None
520,Plant_520,5,5.72,34.77,6.53,9.96,9.9,-1,25.73,28.26,21.55,25.46,None
521,Plant_521,5,40.22,48.31,7.5,7.91,2.2,-1,3.67,25.88,39.55,47.05,None
522,Plant_522,2,31.0,81.82,4.24,8.4,0.3,-1,24.14,39.9,24.96,48.81,None
523,Plant_523,6,54.61,65.53,4.33,6.66,8.45,-1,10.57,21.74,24.73,26.48,None
524,Plant_524,6,2.08,79.01,4.77,5.41,5.88,-1,-0.63,18.42,26.73,36.85,None
525,Plant_525,0,24.62,45.55,4.7,9.07,2.4,-1,-1.32,19.55,25.34,39.94,None
526,Plant_526,5,43.75,83.94,5.14,7.15,11.38,-1,11.43,19.91,4.25,40.01,None
527,Plant_527,0,55.88,64.35,4.51,5.18,4.28,-1,5.28,23.86,16.23,38.48,None
528,Plant_528,7,18.92,24.25,6.03,8.51,0.51,-1,2.05,12.99,15.65,29.21,None
529,Plant_529,8,61.34,77.44,8.0,9.68,4.83,-1,13.81,14.81,21.66,40.86,None
530,Plant_530,4,32.89,40.46,4.96,9.27,13.65,-1,28.12,36.19,34.59,42.55,None
531,Plant_531,2,64.46,79.03,5.51,5.53,15.08,-1,21.3,39.94,13.97,20.35,None
532,Plant_532,8,9.73,66.07,5.79,6.74,11.2,-1,3.92,13.48,3.92,4.52,None
533,Plant_533,4,1.02,33.89,5.94,7.94,10.7,-1,21.58,24.11,1.07,9.93,None
534,Plant_534,0,53.75,65.96,6.12,8.03,0.33,-1,2.3,23.31,11.28,22.83,None
535,Plant_535,1,15.09,60.67,7.32,8.45,2.45,-1,3.25,10.26,35.48,41.11,None
536,Plant_536,6,73.07,88.85,4.18,5.06,9.94,-1,2.09,18.75,19.04,40.84,None
537,Plant_537,5,18.5,99.99,7.8,8.97,6.57,6.91,5.42,38.01,10.43,11.34,None
538,Plant_538,4,17.8,58.72,4.63,6.43,10.88,-1,1.76,28.56,1.82,4.81,None
539,Plant_539,2,12.56,86.93,6.68,8.21,15.61,-1,9.59,18.8,10.43,30.21,None
540,Plant_540,2,47.03,91.34,8.77,9.78,3.38,6.13,-4.11,-3.1,6.89,36.89,None
541,Plant_541,6,43.66,71.01,8.94,9.77,1.09,11.16,-0.29,39.3,7.06,35.5,None
542,Plant_542,3,18.66,42.28,5.96,9.77,11.01,15.75,0.54,20.3,2.39,47.64,None
543,Plant_543,5,34.06,86.23,5.79,9.63,9.1,-1,26.76,31.26,35.75,46.87,None
544,Plant_544,7,1.68,16.2,6.29,8.33,11.15,-1,26.09,32.43,21.68,48.14,None
545,Plant_545,9,2.87,29.25,7.32,8.46,14.17,-1,-3.69,5.7,25.14,30.5,None
546,Plant_546,9,0.67,4.54,7.93,9.1,2.19,-1,-2.89,3.15,13.55,27.55,None
547,Plant_547,8,15.81,18.99,8.13,9.57,0.08,-1,20.12,37.05,26.33,49.56,None
548,Plant_548,7,68.69,69.87,9.26,9.46,7.88,-1,20.06,37.82,5.63,28.86,None
549,Plant_549,0,44.85,70.98,6.86,8.98,12.61,-1,12.6,23.36,1.1,9.75,None
550,Plant_550,3,7.82,21.88,4.64,9.95,11.64,-1,-0.01,32.17,36.58,39.04,None
551,Plant_551,8,22.96,83.73,6.61,9.28,7.96,11.88,16.62,26.18,4.32,37.85,None
552,Plant_552,0,11.8,52.66,6.92,7.22,10.57,13.83,17.9,26.63,9.96,44.7,None
553,Plant_553,1,77.79,91.28,5.56,8.94,15.35,-1,27.38,32.1,31.5,36.59,None
554,Plant_554,3,39.43,76.5,8.0,9.96,3.79,-1,2.63,20.68,8.25,26.34,None
555,Plant_555,8,0.18,8.74,5.99,9.73,10.5,11.27,20.09,26.04,25.03,32.56,None
556,Plant_556,0,13.31,20.68,6.81,8.12,3.67,14.53,-3.49,33.34,11.92,16.3,None
557,Plant_557,3,33.43,39.61,7.23,7.35,8.18,-1,28.24,38.84,41.01,48.0,None
558,Plant_558,2,23.67,62.59,7.75,8.85,4.48,-1,9.11,34.05,15.1,45.21,None
559,Plant_559,8,32.48,41.75,4.12,6.93,8.11,-1,0.96,36.12,7.0,11.65,None
560,Plant_560,2,23.62,57.6,5.72,6.46,8.2,13.99,22.97,27.15,44.78,45.12,None
561,Plant_561,7,11.37,77.51,5.79,8.8,6.91,15.86,4.11,34.71,10.82,11.18,None
562,Plant_562,6,13.99,18.55,4.96,6.09,10.37,14.2,17.6,23.91,4.24,19.69,None
563,Plant_563,2,41.56,48.08,5.22,9.93,7.9,9.09,9.95,15.63,37.7,39.4,None
564,Plant_564,2,84.04,90.05,7.1,7.23,8.15,11.35,8.89,17.48,1.73,20.22,None
565,Plant_565,1,3.74,17.65,8.25,9.3,6.37,8.8,2.12,23.05,13.36,30.45,None
566,Plant_566,1,38.78,60.77,4.29,9.1,15.3,-1,12.04,13.35,0.33,24.88,None
567,Plant_567,8,69.56,83.81,4.99,5.61,1.38,-1,8.13,19.34,23.45,48.65,None
568,Plant_568,8,0.5,1.21,8.22,8.59,8.92,11.96,-1.26,9.0,9.04,31.65,None
569,Plant_569,3,38.99,75.64,7.75,9.34,12.79,-1,12.29,22.32,9.3,26.83,None
570,Plant_570,6,13.08,40.73,7.56,8.57,12.23,-1,2.62,38.31,2.61,39.28,None
571,Plant_571,4,45.31,63.06,5.48,7.84,2.36,-1,3.53,19.59,10.0,25.61,None
572,Plant_572,7,29.03,74.72,9.36,9.82,7.15,12.44,8.79,12.47,1.09,41.51,None
573,Plant_573,8,17.91,43.64,4.48,7.59,9.79,-1,15.67,18.79,12.09,40.83,None
574,Plant_574,9,40.11,46.72,6.17,8.2,15.06,-1,15.52,27.71,11.27,26.5,None
575,Plant_575,9,3.44,60.97,7.48,9.7,5.85,-1,-2.88,1.81,44.37,48.92,None
576,Plant_576,0,3.94,26.08,5.36,7.95,0.23,-1,-3.62,14.11,28.42,30.32,None
577,Plant_577,3,3.97,10.07,8.48,9.72,1.57,6.19,32.98,33.94,2.34,21.02,None
578,Plant_578,8,31.57,82.49,7.02,9.25,3.1,11.13,-4.04,2.96,8.47,26.44,None
579,Plant_579,5,2.55,19.29,5.28,5.62,2.99,-1,6.91,9.72,37.55,49.49,None
580,Plant_580,5,25.75,86.72,7.39,7.59,1.13,-1,13.35,19.91,25.81,47.08,None
581,Plant_581,9,31.03,72.31,4.52,9.84,1.76,-1,15.6,30.39,5.93,45.22,None
582,Plant_582,0,32.23,56.76,6.31,6.38,2.68,5.16,-0.61,39.81,4.0,27.27,None
583,Plant_583,9,97.51,99.99,7.96,8.53,0.48,-1,9.36,16.09,28.67,37.79,None
584,Plant_584,5,75.52,81.04,5.07,9.42,6.54,7.66,2.6,4.94,38.18,44.56,None
585,Plant_585,4,72.36,86.72,5.85,6.3,3.86,13.22,6.76,11.92,5.32,15.14,None
586,Plant_586,8,59.06,88.23,4.36,4.7,8.63,13.0,-1.44,34.27,10.73,19.23,None
587,Plant_587,6,35.46,43.1,7.2,8.71,11.38,13.44,17.09,30.12,41.63,47.32,None
588,Plant_588,9,16.23,17.16,5.4,8.38,2.13,5.32,6.59,20.06,20.42,34.95,None
589,Plant_589,2,28.55,47.26,6.77,8.75,7.5,14.23,1.21,25.76,24.84,27.24,None
590,Plant_590,3,10.98,84.69,4.59,5.6,15.26,-1,5.63,33.38,23.27,46.16,None
591,Plant_591,9,34.11,54.92,5.12,6.62,11.69,-1,14.29,26.36,2.26,19.34,None
592,Plant_592,3,33.81,39.06,6.87,9.42,5.83,-1,9.12,33.87,20.92,40.65,None
593,Plant_593,6,33.95,92.01,5.74,9.36,3.93,12.6,17.47,39.66,14.87,47.37,None
594,Plant_594,6,4.84,9.92,4.04,7.98,0.93,-1,10.92,34.08,29.14,35.73,None
595,Plant_595,4,43.48,81.46,4.1,4.34,2.65,9.37,18.81,27.43,9.29,9.4,None
596,Plant_596,5,29.61,31.11,5.82,9.27,1.47,8.59,-4.05,14.02,0.79,22.98,None
597,Plant_597,4,50.31,82.61,6.11,8.21,6.17,-1,5.39,7.07,30.22,46.88,None
598,Plant_598,0,11.8,60.07,4.31,5.71,2.3,3.75,25.76,27.49,11.12,17.52,None
599,Plant_599,3,6.97,9.71,6.46,9.57,3.57,4.13,0.24,13.86,2.6,29.47,None
600,Plant_600,7,10.23,76.96,4.08,7.52,15.85,-1,-0.19,29.51,16.76,31.72,None
601,Plant_601,1,7.65,45.08,5.7,8.23,15.74,-1,16.71,29.68,11.41,12.42,None
602,Plant_602,6,13.28,55.96,6.5,9.9,4.35,-1,8.18,11.55,44.67,46.69,None
603,Plant_603,6,35.06,43.57,7.67,8.61,10.19,-1,4.82,13.47,2.36,4.65,None
604,Plant_604,2,21.79,59.27,7.38,9.33,14.33,-1,31.37,31.82,15.94,21.52,None
605,Plant_605,2,27.89,47.61,4.16,4.2,6.51,13.52,7.07,18.72,12.76,49.91,None
606,Plant_606,5,29.76,65.22,6.7,9.84,6.86,9.51,8.05,26.8,25.93,46.46,None
607,Plant_607,1,9.96,12.74,6.24,6.47,1.04,13.07,-1.09,8.67,10.21,49.17,None
608,Plant_608,0,12.04,32.03,7.95,10.0,8.13,-1,26.41,27.06,3.42,6.19,None
609,Plant_609,4,20.14,72.95,8.3,8.98,12.69,-1,24.49,26.43,6.53,22.64,None
610,Plant_610,8,39.83,41.39,7.54,7.7,11.92,12.14,17.61,35.94,16.09,18.28,None
611,Plant_611,5,82.94,90.57,5.16,6.62,4.3,5.01,-2.42,0.91,30.42,44.79,None
612,Plant_612,4,74.99,92.56,7.57,9.22,5.34,10.46,5.25,17.64,13.03,34.89,None
613,Plant_613,0,30.18,60.09,5.08,8.83,0.18,-1,5.1,16.58,5.51,20.52,None
614,Plant_614,8,26.76,63.34,4.9,6.37,11.42,-1,-2.92,8.75,27.78,32.27,None
615,Plant_615,2,4.58,42.05,5.7,6.25,6.44,-1,12.65,21.09,12.44,22.87,None
616,Plant_616,0,5.11,25.35,7.16,8.94,6.82,-1,31.4,38.85,7.69,41.32,None
617,Plant_617,9,16.6,69.93,5.11,7.04,12.71,-1,12.07,26.31,15.59,16.25,None
618,Plant_618,0,20.76,44.67,7.17,9.21,7.69,-1,6.44,23.11,11.97,12.16,None
619,Plant_619,4,13.4,30.29,6.26,6.5,13.94,-1,7.18,13.99,27.87,30.85,None
620,Plant_620,1,49.65,52.68,5.83,7.18,1.43,-1,3.62,24.49,14.4,16.53,None
621,Plant_621,6,36.2,38.8,4.56,5.99,9.02,-1,21.29,23.02,29.58,32.82,None
622,Plant_622,2,39.8,46.01,5.59,8.26,7.04,15.21,34.56,38.87,15.67,20.71,None
623,Plant_623,8,22.65,76.4,6.93,8.7,6.76,-1,14.29,18.42,33.26,44.35,None
624,Plant_624,0,38.83,79.0,4.41,9.27,9.37,10.09,9.36,29.43,14.24,25.72,None
625,Plant_625,2,9.11,67.68,7.36,9.95,9.65,14.26,7.35,14.01,18.37,21.66,None
626,Plant_626,1,71.1,74.13,5.94,7.7,10.37,-1,14.87,19.08,12.51,43.53,None
627,Plant_627,4,36.76,82.26,6.83,8.9,8.37,-1,14.7,30.54,34.09,42.59,None
628,Plant_628,9,1.94,99.11,6.08,9.01,7.32,11.41,0.57,9.37,22.51,33.69,None
629,Plant_629,4,4.12,89.33,6.67,7.0,5.28,-1,14.31,22.13,7.98,21.53,None
630,Plant_630,5,17.93,21.14,8.26,8.91,7.73,-1,0.98,27.85,32.57,36.72,None
631,Plant_631,7,10.0,60.16,4.65,7.52,15.54,-1,-3.72,19.05,16.35,36.29,None
632,Plant_632,4,77.67,95.95,7.72,8.2,5.77,-1,1.6,12.49,19.71,23.05,None
633,Plant_633,4,75.8,81.29,6.21,6.85,2.76,-1,-4.02,10.54,18.31,42.57,None
634,Plant_634,4,73.73,82.09,5.46,9.62,2.07,11.36,7.65,11.37,7.24,44.48,None
635,Plant_635,8,74.15,84.19,4.51,8.83,0.32,-1,-4.02,2.69,12.88,33.0,None
636,Plant_636,4,90.77,98.22,7.66,7.75,10.87,-1,13.57,28.52,20.52,48.8,None
637,Plant_637,7,27.79,63.29,4.46,7.58,7.85,-1,1.7,19.33,4.85,25.91,None
638,Plant_638,7,30.15,34.13,8.25,9.41,9.01,9.7,3.7,7.94,36.66,48.67,None
639,Plant_639,9,15.09,40.11,5.26,7.37,5.03,15.25,27.59,35.29,13.34,32.96,None
640,Plant_640,7,50.52,71.18,7.81,9.65,7.62,11.31,17.28,21.82,8.42,39.67,None
641,Plant_641,0,55.58,89.16,4.08,4.28,6.17,-1,0.12,37.89,23.34,26.4,None
642,Plant_642,2,52.54,90.93,5.4,5.58,15.08,-1,-0.78,17.63,16.71,32.37,None
643,Plant_643,2,22.95,27.23,4.71,8.47,13.71,-1,-4.7,16.64,6.61,27.03,None
644,Plant_644,4,8.53,58.08,4.41,6.99,11.95,12.75,-0.67,30.26,8.84,40.96,None
645,Plant_645,0,10.95,17.07,5.42,8.86,5.41,7.24,20.92,29.72,18.87,19.53,None
646,Plant_646,9,72.04,75.54,4.84,6.47,4.98,8.06,0.85,16.03,16.58,40.94,None
647,Plant_647,8,35.17,49.55,5.08,6.61,10.56,-1,3.45,9.57,20.6,28.73,None
648,Plant_648,3,0.7,93.66,5.93,8.26,15.99,-1,13.35,34.87,1.43,11.92,None
649,Plant_649,5,73.42,85.3,7.51,9.95,13.41,-1,3.66,13.73,8.7,37.56,None
650,Plant_650,3,46.08,89.33,4.88,9.88,3.64,15.51,34.8,36.1,31.38,32.31,None
651,Plant_651,6,33.48,56.11,9.06,9.6,3.37,-1,7.06,39.59,21.46,35.22,None
652,Plant_652,3,35.73,45.03,5.74,8.53,8.95,-1,1.69,24.27,11.62,16.33,None
653,Plant_653,9,7.0,22.48,4.87,9.83,15.09,-1,2.27,30.73,26.66,33.74,None
654,Plant_654,0,25.62,65.98,4.75,5.58,14.99,-1,-3.0,13.19,28.72,46.49,None
655,Plant_655,9,28.67,59.48,7.39,7.76,8.53,12.2,25.38,28.97,2.22,26.42,None
656,Plant_656,6,36.79,72.08,5.16,7.8,0.43,14.93,22.66,32.35,30.53,39.16,None
657,Plant_657,6,21.1,71.84,4.81,9.39,2.34,-1,-2.75,18.35,9.47,25.71,None
658,Plant_658,4,74.27,93.93,6.98,9.94,10.26,-1,10.87,28.92,10.82,21.56,None
659,Plant_659,7,85.82,97.06,4.11,4.22,11.27,15.4,21.41,25.39,7.63,36.14,None
660,Plant_660,1,71.76,97.88,7.81,8.23,7.03,-1,2.26,32.65,36.87,38.67,None
661,Plant_661,8,26.23,26.37,7.74,9.2,4.04,6.04,18.42,33.09,13.61,29.03,None
662,Plant_662,0,12.88,43.67,4.79,6.08,7.35,-1,12.54,22.65,6.34,43.95,None
663,Plant_663,4,6.83,90.25,5.13,6.68,11.08,-1,8.94,17.31,9.71,41.09,None
664,Plant_664,6,32.89,89.71,6.97,7.08,9.47,15.12,17.93,27.09,41.44,42.21,None
665,Plant_665,6,80.12,93.66,6.36,7.04,9.21,13.63,3.38,11.45,14.61,15.6,None
666,Plant_666,2,49.96,54.4,6.56,7.5,2.4,-1,8.66,29.35,33.85,34.97,None
667,Plant_667,2,39.05,60.75,9.11,9.12,14.42,-1,12.33,19.86,44.06,47.56,None
668,Plant_668,1,31.53,36.41,6.07,9.12,13.61,-1,7.51,12.92,0.63,16.12,None
669,Plant_669,5,50.24,52.57,6.54,9.92,2.8,5.74,7.15,23.88,22.98,48.94,None
670,Plant_670,3,76.59,88.53,6.63,8.58,6.29,7.2,3.06,15.19,39.09,44.55,None
671,Plant_671,3,36.24,68.23,5.4,7.92,8.04,13.5,31.14,39.57,19.84,33.6,None
672,Plant_672,5,44.6,92.3,8.49,9.31,3.52,-1,17.66,26.02,33.61,39.22,None
673,Plant_673,6,4.62,94.35,7.33,8.54,0.88,10.37,2.14,21.06,0.45,7.16,None
674,Plant_674,0,65.06,78.09,4.28,9.93,10.9,10.94,26.03,35.37,13.07,32.9,None
675,Plant_675,2,7.59,47.22,4.08,4.87,2.48,-1,9.96,26.47,24.05,34.3,None
676,Plant_676,6,9.34,42.42,8.63,9.73,3.29,8.88,9.09,23.34,8.73,48.45,None
677,Plant_677,9,68.86,89.73,9.37,9.78,4.04,-1,29.22,37.92,10.69,23.78,None
678,Plant_678,0,0.87,70.65,4.02,9.98,13.22,-1,22.52,27.66,1.73,25.47,None
679,Plant_679,0,41.8,75.87,4.37,6.96,2.31,12.33,16.69,38.19,19.01,48.21,None
680,Plant_680,5,27.95,90.83,8.53,9.59,11.24,13.41,31.97,38.49,27.91,33.94,None
681,Plant_681,4,56.8,92.97,4.32,9.72,5.02,-1,24.74,26.13,21.53,39.02,None
682,Plant_682,7,35.88,44.29,6.94,7.93,8.47,-1,16.08,37.13,19.7,49.42,None
683,Plant_683,2,11.63,49.72,4.43,7.45,0.58,1.98,26.85,26.96,1.83,30.09,None
684,Plant_684,4,34.25,98.9,9.14,9.25,15.83,-1,-4.29,8.57,14.16,15.29,None
685,Plant_685,8,27.84,72.5,5.1,7.13,3.22,-1,25.0,29.15,21.48,32.44,None
686,Plant_686,2,50.96,76.35,5.35,8.25,4.23,11.33,-4.79,-1.96,1.83,20.95,None
687,Plant_687,1,3.1,23.58,9.57,9.63,1.82,-1,26.05,30.97,5.33,41.86,None
688,Plant_688,4,30.83,89.1,5.35,5.42,7.4,-1,2.52,9.94,23.76,34.09,None
689,Plant_689,2,8.6,56.8,4.61,6.62,10.69,-1,22.31,39.54,1.42,37.38,None
690,Plant_690,7,12.64,49.84,6.65,9.19,1.87,15.14,-4.02,31.68,8.41,41.54,None
691,Plant_691,7,44.35,48.83,5.76,7.96,9.46,-1,12.16,26.33,32.51,34.48,None
692,Plant_692,1,0.89,99.97,6.06,9.84,13.58,-1,-1.42,5.76,34.62,40.05,None
693,Plant_693,5,24.76,26.7,4.87,5.54,12.56,-1,13.77,34.52,0.98,42.11,None
694,Plant_694,2,4.11,13.25,4.24,7.66,2.83,-1,-2.07,27.15,20.69,23.69,None
695,Plant_695,2,9.32,56.14,6.48,9.7,15.73,-1,7.92,19.78,7.89,12.78,None
696,Plant_696,7,45.26,71.98,5.23,8.25,2.6,12.68,11.15,30.67,49.17,49.85,None
697,Plant_697,9,2.58,52.09,4.34,5.92,12.31,-1,-3.55,15.33,7.3,15.61,None
698,Plant_698,5,16.55,33.98,5.95,8.57,8.67,10.29,29.71,31.19,7.92,12.89,None
699,Plant_699,4,1.49,44.86,7.23,7.42,1.16,2.21,-1.51,6.65,37.93,42.75,None
700,Plant_700,5,18.2,62.49,4.47,6.38,14.97,-1,18.94,19.62,2.91,9.79,None
701,Plant_701,3,20.57,95.88,5.14,7.48,5.74,-1,-1.89,33.94,4.72,24.16,None
702,Plant_702,9,45.04,83.0,4.12,5.75,9.52,-1,16.56,17.54,10.82,20.39,None
703,Plant_703,0,9.27,59.64,6.17,6.89,11.51,13.65,7.88,24.16,3.41,42.19,None
704,Plant_704,2,74.28,79.75,5.06,7.72,8.07,12.11,-2.7,3.25,5.41,29.61,None
705,Plant_705,3,67.05,86.44,5.11,9.43,13.34,-1,18.55,36.97,20.02,34.62,None
706,Plant_706,9,16.36,61.13,8.33,9.19,12.13,-1,19.05,27.23,11.25,38.85,None
707,Plant_707,4,87.33,89.24,4.74,8.16,4.04,-1,6.03,18.29,40.29,41.13,None
708,Plant_708,2,5.49,5.6,8.28,8.93,14.5,-1,34.88,35.98,17.09,44.61,None
709,Plant_709,1,34.71,71.85,5.66,7.08,7.42,9.74,1.87,26.39,2.42,46.86,None
710,Plant_710,1,42.36,77.51,7.15,8.27,7.45,11.56,4.06,21.69,16.35,23.35,None
711,Plant_711,1,64.34,70.52,4.72,5.54,3.05,-1,16.86,31.53,10.95,38.0,None
712,Plant_712,1,47.69,86.5,7.3,9.39,1.11,6.02,-2.88,24.82,11.39,34.71,None
713,Plant_713,7,31.27,38.27,4.29,8.78,3.82,15.5,0.89,6.66,25.15,27.48,None
714,Plant_714,9,67.72,76.95,9.08,9.19,6.93,10.01,9.11,17.13,0.57,13.52,None
715,Plant_715,4,3.14,84.52,4.97,7.01,6.53,-1,24.56,29.17,19.75,43.09,None
716,Plant_716,4,57.95,97.16,4.46,8.37,15.56,-1,4.95,14.76,30.69,45.02,None
717,Plant_717,5,64.51,84.85,8.79,9.63,15.69,-1,9.46,19.87,24.26,33.95,None
718,Plant_718,1,74.53,75.58,7.43,9.25,7.59,-1,2.03,3.83,21.13,44.5,None
719,Plant_719,7,19.0,79.27,4.46,8.24,9.33,10.77,30.2,35.44,27.65,45.58,None
720,Plant_720,7,71.61,94.04,5.73,7.18,10.86,13.93,-1.92,13.92,6.9,26.01,None
721,Plant_721,2,2.74,77.76,6.0,7.5,9.1,12.78,4.59,38.36,23.76,26.26,None
722,Plant_722,8,80.17,90.76,4.86,9.81,8.25,8.77,12.06,24.43,16.28,19.16,None
723,Plant_723,1,12.29,75.06,4.25,4.32,3.48,15.23,-0.78,11.01,10.71,13.43,None
724,Plant_724,8,54.01,95.7,8.35,9.32,5.43,-1,20.74,27.84,0.71,35.09,None
725,Plant_725,8,76.64,79.39,6.08,7.28,10.75,12.95,20.7,38.72,16.39,19.37,None
726,Plant_726,5,13.77,23.42,5.55,9.48,6.45,-1,18.79,31.11,24.43,25.34,None
727,Plant_727,2,30.47,86.04,6.96,9.79,12.01,-1,8.67,27.66,10.51,28.07,None
728,Plant_728,7,26.67,48.87,6.47,7.66,4.54,14.89,29.38,39.53,30.2,49.53,None
729,Plant_729,0,10.83,72.53,5.63,9.27,13.04,-1,-1.62,27.55,10.36,34.8,None
730,Plant_730,9,66.86,74.65,4.13,5.23,5.23,-1,21.71,29.41,24.83,42.57,None
731,Plant_731,8,27.44,78.99,4.01,6.39,5.14,-1,19.94,28.61,42.1,43.85,None
732,Plant_732,6,11.75,41.86,5.18,7.51,11.89,-1,13.51,15.49,17.48,45.93,None
733,Plant_733,8,77.64,97.06,5.15,7.75,9.16,-1,12.68,35.46,11.51,38.38,None
734,Plant_734,1,12.0,48.38,5.39,7.4,7.35,9.4,3.78,35.4,24.18,45.16,None
735,Plant_735,5,83.11,90.95,8.62,9.9,3.05,12.44,3.08,26.92,39.11,47.41,None
736,Plant_736,5,40.54,68.63,7.09,9.76,1.57,-1,12.94,20.31,35.53,39.58,None
737,Plant_737,9,17.47,61.0,8.45,9.46,13.66,-1,-2.52,9.4,30.12,34.99,None
738,Plant_738,9,66.2,92.28,4.1,9.71,3.74,10.91,29.03,31.44,1.73,40.93,None
739,Plant_739,1,2.03,32.79,8.83,9.09,0.36,12.88,23.84,27.27,23.48,28.73,None
740,Plant_740,5,35.16,37.21,5.7,6.61,3.18,6.27,29.62,36.44,10.82,34.02,None
741,Plant_741,9,2.77,53.44,4.8,9.63,0.14,-1,8.61,39.32,16.37,35.18,None
742,Plant_742,2,60.69,60.77,8.73,9.51,5.65,8.37,17.54,23.08,17.63,33.89,None
743,Plant_743,9,1.54,97.42,4.15,5.16,11.81,15.68,-3.34,38.74,7.73,11.13,None
744,Plant_744,7,37.68,75.73,8.4,9.93,1.25,-1,19.44,34.67,12.09,19.38,None
745,Plant_745,3,75.09,85.99,5.1,9.99,10.42,-1,6.46,19.79,8.93,43.0,None
746,Plant_746,1,40.6,48.9,4.87,7.87,6.94,14.03,3.59,39.69,25.45,29.1,None
747,Plant_747,1,21.79,75.91,7.79,8.15,2.86,6.78,3.87,6.84,4.97,44.83,None
748,Plant_748,2,3.97,92.94,5.25,8.64,12.23,-1,22.18,32.35,4.31,32.4,None
749,Plant_749,7,60.19,81.98,5.14,6.66,8.03,-1,1.4,2.77,10.48,22.63,None
750,Plant_750,7,49.16,52.02,4.72,5.32,1.17,-1,11.4,27.2,5.84,48.82,None
751,Plant_751,2,39.87,95.86,7.35,7.6,9.73,-1,32.58,36.8,32.59,37.08,None
752,Plant_752,6,27.82,46.09,4.25,9.41,7.16,-1,2.79,24.74,12.57,36.28,None
753,Plant_753,9,6.55,42.59,5.9,9.39,4.18,-1,2.7,8.87,11.55,23.65,None
754,Plant_754,3,7.67,37.68,5.26,7.54,8.55,-1,4.43,9.22,18.01,26.93,None
755,Plant_755,9,28.91,85.88,5.04,6.48,12.32,-1,-0.02,11.2,4.0,41.7,None
756,Plant_756,1,60.39,77.4,5.92,7.59,4.85,-1,-4.09,35.63,35.12,41.83,None
757,Plant_757,6,50.68,52.86,9.51,9.97,9.32,-1,10.32,29.78,15.3,36.19,None
758,Plant_758,2,30.38,50.16,4.73,5.42,6.41,-1,1.93,4.92,20.7,49.02,None
759,Plant_759,4,70.22,73.81,4.54,4.8,10.1,10.44,6.56,38.71,21.01,47.46,None
760,Plant_760,3,76.13,96.3,4.09,9.85,7.35,13.99,-0.43,16.65,12.19,29.32,None
761,Plant_761,9,27.95,64.51,4.8,5.61,12.17,-1,-0.24,21.37,5.28,6.99,None
762,Plant_762,8,58.52,93.69,5.5,7.19,12.58,-1,31.94,39.05,18.31,49.34,None
763,Plant_763,2,71.03,74.83,9.55,9.56,8.78,10.54,4.34,30.86,8.01,22.1,None
764,Plant_764,8,0.66,99.41,7.22,7.74,15.82,-1,9.78,25.91,11.61,21.55,None
765,Plant_765,6,49.13,72.32,5.89,7.27,12.05,-1,20.7,27.99,16.16,37.79,None
766,Plant_766,2,80.08,81.29,4.38,5.82,4.99,-1,11.04,20.31,25.41,44.74,None
767,Plant_767,2,19.93,49.17,7.08,7.38,1.4,6.61,16.63,26.15,27.51,37.7,None
768,Plant_768,0,60.36,70.23,4.6,6.69,15.31,-1,17.34,20.63,40.54,42.96,None
769,Plant_769,2,30.99,99.74,7.78,7.99,4.37,9.78,12.03,37.71,1.85,44.45,None
770,Plant_770,0,9.72,94.54,4.75,7.15,7.04,-1,17.31,32.59,13.16,46.17,None
771,Plant_771,5,18.84,84.48,9.26,9.37,6.42,-1,-4.54,8.33,6.67,8.84,None
772,Plant_772,3,7.76,33.86,7.11,8.49,9.83,-1,17.28,23.16,30.46,36.82,None
773,Plant_773,8,7.96,75.0,8.37,9.13,7.05,-1,10.8,29.47,10.61,21.03,None
774,Plant_774,0,19.62,40.9,8.49,8.92,10.35,-1,5.7,26.34,7.18,38.45,None
775,Plant_775,7,60.47,98.18,7.96,8.96,12.91,-1,25.89,35.48,23.41,27.93,None
776,Plant_776,7,26.76,29.14,5.34,6.01,3.33,15.18,34.36,36.08,30.82,37.25,None
777,Plant_777,4,41.5,75.61,4.92,7.88,8.97,14.54,-4.06,14.6,8.12,38.41,None
778,Plant_778,7,19.91,78.52,4.09,6.74,15.57,-1,28.77,38.36,25.55,44.48,None
779,Plant_779,6,53.59,95.02,4.24,4.81,4.89,-1,6.45,13.18,37.57,43.85,None
780,Plant_780,6,27.24,73.0,5.97,8.75,11.6,12.32,4.08,32.73,0.87,43.58,None
781,Plant_781,6,62.08,89.3,6.77,8.07,4.02,7.08,-1.14,5.62,1.63,23.29,None
782,Plant_782,1,14.06,38.68,4.21,9.55,0.75,-1,31.54,37.61,25.41,42.07,None
783,Plant_783,9,56.5,83.79,5.7,8.79,11.57,11.87,15.88,23.77,5.04,47.93,None
784,Plant_784,8,36.25,84.0,4.43,5.85,12.66,-1,-2.9,4.74,8.86,10.83,None
785,Plant_785,9,73.48,80.9,5.98,6.91,10.87,11.13,4.83,11.47,14.58,39.54,None
786,Plant_786,9,0.86,60.42,8.16,9.58,14.09,-1,19.84,23.08,20.72,47.4,None
787,Plant_787,8,15.4,45.25,4.24,8.44,11.02,-1,6.08,18.14,13.23,21.5,None
788,Plant_788,4,43.11,67.49,4.45,5.22,9.59,-1,8.89,13.99,7.63,18.32,None
789,Plant_789,5,23.62,59.6,4.56,6.12,14.27,-1,-3.82,21.93,40.36,47.09,None
790,Plant_790,0,43.91,64.13,4.29,5.25,15.23,-1,0.05,5.7,36.69,43.98,None
791,Plant_791,0,31.84,68.5,4.62,6.8,12.76,-1,-3.55,22.52,34.54,47.05,None
792,Plant_792,6,56.71,74.54,5.27,8.25,11.49,-1,4.32,11.93,15.14,36.06,None
793,Plant_793,3,76.67,80.43,4.89,5.84,14.96,-1,-3.87,21.04,19.58,41.79,None
794,Plant_794,3,23.13,87.97,5.29,6.79,13.28,-1,-1.1,-0.03,2.71,43.02,None
795,Plant_795,3,84.63,88.39,5.79,8.73,5.74,-1,-1.73,1.02,5.94,26.75,None
796,Plant_796,0,32.82,69.83,5.07,5.8,0.97,-1,13.09,28.89,6.09,10.64,None
797,Plant_797,1,53.59,79.81,8.5,9.52,11.02,11.17,22.45,33.07,37.33,40.98,None
798,Plant_798,0,91.56,99.35,5.29,6.85,0.66,-1,-0.27,19.73,8.33,32.91,None
799,Plant_799,2,69.84,70.71,4.91,7.22,6.97,-1,5.38,23.04,12.91,31.24,None
800,Plant_800,8,24.84,84.52,8.31,9.14,9.7,-1,36.89,37.75,0.46,43.62,None
801,Plant_801,5,19.0,89.94,5.49,8.91,8.71,11.39,1.53,30.54,1.06,29.3,None
802,Plant_802,9,48.74,63.04,5.57,9.37,5.08,12.24,18.3,37.11,30.52,48.38,None
803,Plant_803,9,7.72,18.8,4.69,4.79,4.82,10.77,28.73,32.54,16.99,37.37,None
804,Plant_804,9,4.57,47.75,8.87,9.8,7.94,-1,19.54,36.35,9.3,48.7,None
805,Plant_805,2,51.24,67.68,6.09,7.13,12.06,-1,10.84,23.31,7.91,20.01,None
806,Plant_806,6,13.02,77.65,6.97,8.64,6.85,-1,22.6,33.44,21.05,24.91,None
807,Plant_807,8,2.84,77.47,7.73,9.62,2.68,10.66,20.24,33.63,26.09,45.78,None
808,Plant_808,7,33.97,92.69,5.59,5.89,1.99,2.95,3.62,22.83,0.87,7.43,None
809,Plant_809,5,30.2,67.31,4.62,7.67,4.59,-1,15.41,20.15,8.78,13.32,None
810,Plant_810,4,41.81,81.66,6.05,9.9,7.55,11.65,29.04,31.93,15.52,41.91,None
811,Plant_811,8,4.38,86.4,4.95,5.41,13.24,-1,4.23,30.15,19.27,25.45,None
812,Plant_812,6,13.94,17.21,5.02,5.54,15.96,-1,-1.88,21.71,8.24,44.79,None
813,Plant_813,5,44.12,88.8,8.88,9.11,4.19,-1,-4.87,5.33,2.37,14.6,None
814,Plant_814,8,47.5,56.9,6.77,8.7,15.58,-1,-0.16,1.4,19.65,21.43,None
815,Plant_815,9,71.58,90.14,8.1,9.21,4.31,14.73,25.47,32.98,0.56,34.71,None
816,Plant_816,7,45.59,58.61,5.73,8.77,6.96,-1,-0.69,8.48,1.49,4.04,None
817,Plant_817,0,52.71,83.26,7.48,8.53,12.15,-1,1.5,20.68,27.88,48.33,None
818,Plant_818,9,71.53,92.44,6.13,8.85,5.03,-1,16.7,27.54,42.95,47.75,None
819,Plant_819,4,41.26,92.72,6.69,8.74,0.76,4.12,20.06,37.63,6.61,28.99,None
820,Plant_820,8,21.23,68.57,5.39,5.81,9.62,-1,8.34,28.0,28.93,48.93,None
821,Plant_821,7,16.0,82.84,7.31,9.43,7.85,-1,13.07,38.46,15.88,23.93,None
822,Plant_822,9,46.13,83.72,9.01,9.33,13.73,-1,-2.71,35.89,20.6,43.68,None
823,Plant_823,0,13.92,90.45,5.76,9.61,11.84,13.66,21.43,22.66,41.01,49.92,None
824,Plant_824,2,59.79,76.75,5.51,6.03,1.8,8.95,-1.07,9.6,31.26,46.51,None
825,Plant_825,6,39.89,97.59,4.58,6.06,1.63,12.85,22.91,24.16,3.41,40.97,None
826,Plant_826,2,42.13,46.82,7.0,7.44,1.37,-1,10.47,34.12,23.84,30.13,None
827,Plant_827,8,4.17,78.81,4.82,4.92,9.35,11.99,13.04,16.22,9.77,23.31,None
828,Plant_828,7,36.42,94.95,5.8,6.4,9.74,15.38,-3.8,1.31,1.47,41.14,None
829,Plant_829,5,25.12,70.57,4.5,9.03,7.74,-1,25.97,37.96,12.9,28.94,None
830,Plant_830,0,75.96,88.89,5.38,9.93,15.25,-1,1.65,35.12,19.01,23.52,None
831,Plant_831,7,62.78,65.99,7.4,9.95,3.76,5.49,2.34,13.58,0.21,42.11,None
832,Plant_832,4,19.07,19.47,5.99,8.31,4.35,-1,-3.45,26.65,44.03,44.04,None
833,Plant_833,5,44.12,47.81,5.28,6.93,5.23,7.95,-2.68,34.94,4.45,22.54,None
834,Plant_834,7,22.46,97.12,9.86,9.93,8.57,11.04,-2.37,3.24,35.62,46.02,None
835,Plant_835,3,27.17,42.05,4.08,5.28,10.13,-1,-4.6,2.22,19.48,27.27,None
836,Plant_836,5,19.93,35.26,7.72,8.78,12.41,-1,16.92,22.7,35.98,40.35,None
837,Plant_837,9,56.68,88.03,5.54,7.46,1.75,5.35,4.33,23.32,27.68,34.36,None
838,Plant_838,4,21.61,97.84,5.14,6.67,15.15,-1,4.79,29.0,18.32,46.61,None
839,Plant_839,0,7.88,70.39,6.06,9.88,5.92,13.73,0.2,8.6,20.4,21.89,None
840,Plant_840,3,14.39,93.84,7.8,9.26,5.13,7.59,25.95,34.13,3.35,18.27,None
841,Plant_841,9,78.49,97.86,5.6,9.34,13.98,-1,31.29,33.4,10.57,23.92,None
842,Plant_842,8,23.27,41.99,9.08,9.99,12.98,-1,7.38,23.93,12.05,28.65,None
843,Plant_843,8,1.63,96.55,8.62,9.9,5.89,11.8,17.23,24.21,33.46,39.01,None
844,Plant_844,3,8.21,42.25,8.0,9.63,4.13,-1,3.9,5.84,30.37,38.1,None
845,Plant_845,9,58.6,89.71,4.37,8.65,5.33,5.51,21.26,27.33,4.02,33.17,None
846,Plant_846,2,5.2,19.53,5.12,5.72,15.71,-1,2.17,19.57,30.8,41.76,None
847,Plant_847,8,16.45,57.01,4.47,5.51,8.7,-1,25.85,30.85,7.87,40.78,None
848,Plant_848,0,58.45,60.88,7.23,9.18,3.49,-1,8.71,22.71,22.83,45.35,None
849,Plant_849,4,38.26,82.79,7.49,7.73,6.71,-1,7.16,11.07,1.18,22.67,None
850,Plant_850,0,8.5,26.07,4.87,8.65,3.98,12.33,8.01,12.22,18.11,30.76,None
851,Plant_851,3,74.47,75.23,5.76,7.22,11.67,-1,-4.41,6.36,2.99,33.64,None
852,Plant_852,2,42.72,79.55,8.5,9.19,9.97,14.39,30.79,36.88,10.09,28.51,None
853,Plant_853,5,37.24,73.57,4.67,6.25,2.11,-1,11.41,38.3,3.39,24.29,None
854,Plant_854,1,23.48,36.25,6.19,9.8,7.07,-1,7.34,36.25,2.3,13.61,None
855,Plant_855,5,31.45,60.02,7.54,8.13,9.51,-1,19.53,34.27,10.77,34.86,None
856,Plant_856,6,34.9,70.53,5.65,9.49,8.39,11.42,23.66,33.92,4.64,34.52,None
857,Plant_857,1,75.45,99.71,5.03,8.13,6.31,-1,-3.78,14.05,17.72,44.82,None
858,Plant_858,1,18.62,95.02,4.32,5.2,10.06,-1,23.41,25.02,11.37,48.12,None
859,Plant_859,1,81.02,99.48,7.32,7.76,7.82,-1,-4.18,9.98,8.99,22.66,None
860,Plant_860,4,4.91,50.62,4.87,8.39,3.09,14.45,-1.81,33.07,3.49,21.22,None
861,Plant_861,9,60.56,90.63,6.57,8.39,1.8,5.33,10.06,25.06,17.3,26.13,None
862,Plant_862,0,4.56,52.0,5.55,9.28,7.26,10.05,9.99,22.76,4.8,24.22,None
863,Plant_863,2,47.19,65.57,7.33,8.54,13.63,-1,20.95,34.21,0.43,16.86,None
864,Plant_864,7,66.94,90.59,5.03,9.62,8.25,12.32,-3.3,20.21,9.89,38.96,None
865,Plant_865,2,10.0,65.96,7.44,7.99,11.93,-1,17.21,33.58,8.72,48.13,None
866,Plant_866,6,17.48,35.75,5.8,8.61,10.54,-1,-0.84,21.49,12.33,35.3,None
867,Plant_867,8,57.87,83.05,4.15,4.62,4.07,-1,-3.6,20.08,17.76,48.35,None
868,Plant_868,2,29.18,85.2,4.77,6.56,13.47,-1,36.21,37.23,8.2,30.79,None
869,Plant_869,7,23.34,61.12,4.26,8.01,7.32,9.54,-2.3,32.23,5.38,45.21,None
870,Plant_870,4,28.63,50.94,5.74,9.68,15.42,-1,2.86,14.33,8.59,28.97,None
871,Plant_871,0,3.1,91.91,4.88,5.49,10.16,10.71,7.57,10.67,11.31,12.57,None
872,Plant_872,3,31.45,69.89,7.33,7.63,14.14,-1,25.54,38.3,15.78,46.97,None
873,Plant_873,6,8.35,52.86,7.62,8.05,13.54,-1,20.68,33.08,2.48,46.83,None
874,Plant_874,7,34.32,47.93,6.18,9.15,6.65,8.17,18.13,38.12,12.86,23.39,None
875,Plant_875,4,39.48,52.16,4.84,7.95,14.53,-1,6.56,19.95,12.59,48.0,None
876,Plant_876,7,35.61,76.27,7.4,9.37,11.25,15.27,19.45,37.71,1.18,32.73,None
877,Plant_877,0,22.56,88.87,4.86,9.07,6.06,-1,4.79,30.14,25.2,48.37,None
878,Plant_878,4,18.37,58.76,8.28,8.86,12.8,-1,36.18,39.35,23.03,31.91,None
879,Plant_879,3,38.84,52.25,5.25,8.39,6.02,-1,22.73,33.66,4.99,12.3,None
880,Plant_880,2,15.22,60.09,5.14,9.57,0.63,-1,7.54,36.96,26.59,48.94,None
881,Plant_881,8,97.89,98.82,5.62,8.87,2.81,-1,27.53,28.86,19.88,30.51,None
882,Plant_882,9,23.9,76.39,6.41,6.42,2.93,-1,13.67,31.16,4.04,16.94,None
883,Plant_883,4,4.51,42.96,7.96,8.95,11.5,-1,20.03,29.66,11.43,46.18,None
884,Plant_884,1,35.56,72.25,7.4,7.48,12.8,-1,-0.26,37.2,2.57,3.17,None
885,Plant_885,6,38.95,95.89,8.77,9.38,5.76,9.44,22.74,22.78,1.95,22.29,None
886,Plant_886,5,32.94,65.1,6.53,9.73,0.68,-1,26.92,35.02,14.48,32.82,None
887,Plant_887,1,35.03,61.49,4.38,5.39,5.62,-1,33.93,37.64,2.57,38.52,None
888,Plant_888,6,48.46,58.93,7.8,8.63,13.92,-1,19.0,19.87,8.79,14.79,None
889,Plant_889,1,1.78,86.9,4.83,5.32,13.32,-1,20.36,27.4,4.98,20.15,None
890,Plant_890,1,35.26,79.1,4.33,5.04,2.1,9.19,13.48,14.13,10.62,41.73,None
891,Plant_891,3,41.07,81.08,4.16,6.25,9.69,13.77,-4.6,25.13,4.98,46.67,None
892,Plant_892,2,81.06,82.8,5.11,8.83,3.42,7.84,14.07,33.72,38.14,40.79,None
893,Plant_893,6,2.14,73.15,5.49,8.46,2.03,10.37,1.83,26.22,38.87,43.78,None
894,Plant_894,5,33.56,67.45,5.86,6.73,6.44,15.37,6.02,6.97,18.07,43.2,None
895,Plant_895,5,42.4,99.81,4.22,8.3,1.08,-1,3.44,7.23,17.22,30.01,None
896,Plant_896,9,61.35,74.35,6.61,7.39,1.25,-1,-2.51,35.44,3.73,39.73,None
897,Plant_897,7,20.78,74.2,4.91,7.61,10.66,-1,5.65,17.5,0.32,39.96,None
898,Plant_898,8,9.69,64.89,4.06,7.46,7.61,12.08,5.68,13.14,17.68,18.58,None
899,Plant_899,8,39.63,43.37,5.51,8.86,6.99,-1,4.23,12.68,20.4,26.71,None
900,Plant_900,0,46.6,60.14,4.0,5.62,7.43,8.96,-1.63,33.72,17.96,42.62,None
901,Plant_901,8,7.5,78.66,4.62,8.76,9.59,13.12,4.08,14.43,7.95,34.0,None
902,Plant_902,4,3.26,22.85,5.76,7.88,9.96,-1,14.58,31.97,26.72,35.46,None
903,Plant_903,8,49.31,59.23,6.71,8.01,5.16,5.7,0.72,23.99,18.73,35.72,None
904,Plant_904,1,41.12,83.96,5.38,5.44,1.98,-1,14.71,24.09,35.76,44.87,None
905,Plant_905,8,45.8,48.6,6.45,8.91,6.96,-1,6.82,29.37,12.16,12.19,None
906,Plant_906,4,31.7,42.04,5.39,5.97,1.13,6.16,0.48,1.82,20.08,47.68,None
907,Plant_907,4,24.46,73.37,5.27,7.61,4.95,13.28,-4.48,15.52,28.73,46.25,None
908,Plant_908,8,6.2,76.7,8.6,9.49,4.86,-1,8.02,10.75,14.3,24.96,None
909,Plant_909,4,17.36,30.54,8.02,8.64,9.52,-1,-1.53,29.69,30.43,36.01,None
910,Plant_910,0,11.46,13.95,5.19,6.08,3.0,-1,-1.98,6.41,1.73,42.76,None
911,Plant_911,1,53.77,60.39,5.08,9.13,7.39,-1,2.47,30.15,25.69,25.87,None
912,Plant_912,0,17.3,71.13,8.29,8.43,11.69,15.14,31.78,32.47,3.22,13.08,None
913,Plant_913,6,24.36,38.78,4.16,9.41,9.1,-1,4.54,36.36,38.07,49.57,None
914,Plant_914,3,58.88,98.25,5.25,8.11,2.63,-1,11.02,12.11,14.45,49.89,None
915,Plant_915,1,66.86,84.77,5.45,5.49,9.86,10.63,12.77,27.41,26.73,27.93,None
916,Plant_916,3,22.01,87.55,6.51,8.65,1.23,15.73,6.13,30.98,8.66,41.38,None
917,Plant_917,8,93.63,99.69,4.1,7.38,13.01,-1,-0.07,13.04,0.31,3.9,None
918,Plant_918,1,47.13,81.6,9.33,9.62,7.96,14.82,-3.85,32.79,30.71,33.96,None
919,Plant_919,0,28.72,87.26,4.62,8.72,7.58,11.35,27.87,32.79,41.07,49.61,None
920,Plant_920,6,82.02,91.28,4.55,9.79,8.23,-1,20.72,33.06,26.11,28.43,None
921,Plant_921,9,56.9,97.87,4.43,8.64,8.27,14.04,-1.33,16.14,22.52,33.71,None
922,Plant_922,6,9.86,87.68,5.85,7.3,1.26,12.76,14.23,16.66,31.87,49.09,None
923,Plant_923,0,68.47,89.16,4.22,5.45,6.02,7.07,-3.51,32.92,17.95,33.5,None
924,Plant_924,8,68.19,74.88,5.28,7.87,3.88,4.42,9.19,20.92,0.62,22.98,None
925,Plant_925,2,40.18,72.5,5.44,6.54,12.44,-1,22.97,23.05,20.27,21.5,None
926,Plant_926,2,23.12,83.43,4.87,7.25,7.29,10.63,7.76,28.42,1.56,9.0,None
927,Plant_927,1,80.06,97.74,5.36,7.46,14.86,-1,-2.37,21.07,2.23,32.07,None
928,Plant_928,2,15.46,98.29,6.87,9.39,14.03,-1,2.64,11.39,5.79,20.04,None
929,Plant_929,3,37.33,70.75,4.41,5.88,14.61,-1,-1.54,19.29,2.23,31.05,None
930,Plant_930,9,5.59,66.41,5.55,9.0,9.13,12.49,4.44,36.08,10.81,10.93,None
931,Plant_931,8,75.85,99.16,4.25,8.16,2.17,2.19,-1.63,4.6,5.51,41.51,None
932,Plant_932,5,10.45,47.97,7.02,9.93,5.8,-1,-4.67,3.02,12.79,20.56,None
933,Plant_933,5,13.66,62.83,6.57,9.09,12.08,-1,9.13,14.68,7.7,17.76,None
934,Plant_934,9,25.45,67.56,4.51,6.14,0.19,4.4,3.67,39.24,26.19,38.03,None
935,Plant_935,2,1.59,48.44,7.49,7.81,6.93,-1,6.49,30.76,8.66,38.47,None
936,Plant_936,6,34.03,59.64,7.08,9.07,12.26,-1,5.92,9.99,15.54,33.08,None
937,Plant_937,7,9.52,59.85,6.34,9.35,13.75,-1,3.76,28.05,10.5,48.26,None
938,Plant_938,0,26.25,89.55,6.22,8.03,12.81,-1,0.8,13.11,12.86,49.01,None
939,Plant_939,6,52.79,84.38,6.51,7.17,2.16,10.28,9.34,11.46,2.99,22.96,None
940,Plant_940,1,79.88,84.61,4.56,7.09,13.54,-1,-1.76,30.9,37.7,47.64,None
941,Plant_941,0,49.99,50.07,4.43,9.78,1.8,14.67,6.04,16.64,23.04,46.31,None
942,Plant_942,7,2.38,69.07,8.83,8.9,8.37,14.45,20.57,38.38,43.52,45.17,None
943,Plant_943,3,60.55,70.78,4.05,8.18,8.57,11.53,22.58,31.41,14.59,47.72,None
944,Plant_944,6,48.49,51.93,4.03,4.43,12.22,-1,-0.41,6.5,22.41,45.22,None
945,Plant_945,4,11.03,59.26,6.63,8.1,6.84,10.18,32.22,32.73,27.53,46.39,None
946,Plant_946,4,1.45,90.92,8.5,9.82,12.88,-1,18.13,37.95,19.48,21.05,None
947,Plant_947,4,27.29,68.86,5.02,7.45,4.87,14.12,8.76,14.08,17.17,45.62,None
948,Plant_948,2,52.98,96.78,7.02,8.95,3.56,15.66,-3.73,22.7,12.07,29.57,None
949,Plant_949,1,9.77,10.49,7.09,7.99,9.76,-1,-0.32,3.34,31.79,39.86,None
950,Plant_950,1,52.24,96.91,4.71,7.31,12.77,-1,4.35,11.03,29.61,41.95,None
951,Plant_951,4,20.81,70.94,6.74,9.79,14.35,-1,6.08,36.38,6.06,23.28,None
952,Plant_952,8,33.93,72.38,5.1,9.21,4.55,8.99,5.55,38.43,19.14,26.98,None
953,Plant_953,8,62.37,86.44,7.78,8.87,12.58,-1,6.42,34.23,12.03,35.19,None
954,Plant_954,3,7.18,87.13,8.27,8.57,6.37,11.47,4.67,21.51,22.8,37.07,None
955,Plant_955,1,1.56,28.11,5.87,6.23,6.19,11.43,13.91,30.17,28.28,45.55,None
956,Plant_956,6,17.97,69.68,6.13,6.19,8.31,-1,6.56,8.24,30.14,38.32,None
957,Plant_957,0,31.24,38.24,9.13,9.98,5.66,-1,23.05,33.81,38.05,49.24,None
958,Plant_958,0,50.99,90.76,5.7,9.46,9.57,9.58,23.89,36.29,20.44,28.16,None
959,Plant_959,4,75.16,76.31,5.71,9.63,7.08,-1,-2.61,23.24,33.08,47.24,None
960,Plant_960,2,9.82,27.89,4.02,8.56,11.75,-1,3.21,10.0,19.44,49.77,None
961,Plant_961,4,13.77,97.26,4.88,7.85,3.25,14.03,3.69,8.82,2.14,23.26,None
962,Plant_962,0,63.06,82.7,5.75,9.32,5.56,9.85,15.31,28.14,5.94,32.46,None
963,Plant_963,8,47.54,81.49,9.05,9.99,13.9,-1,16.53,28.72,22.16,33.47,None
964,Plant_964,9,0.62,66.19,5.76,9.22,12.52,-1,24.02,27.51,15.99,33.56,None
965,Plant_965,4,72.51,84.53,8.04,9.57,8.32,9.25,12.77,21.33,30.05,31.8,None
966,Plant_966,0,24.49,83.68,4.45,5.97,4.55,8.9,-0.03,16.14,38.84,42.5,None
967,Plant_967,6,70.49,91.59,5.81,5.84,4.98,5.15,1.73,36.96,24.28,38.23,None
968,Plant_968,7,44.17,87.33,5.82,9.16,6.5,-1,-1.04,11.21,40.4,47.89,None
969,Plant_969,9,28.32,76.9,4.98,8.26,12.65,-1,4.66,29.12,0.15,38.04,None
970,Plant_970,1,42.63,52.98,5.85,9.66,12.54,-1,21.79,29.94,21.38,37.9,None
971,Plant_971,3,15.73,32.05,6.26,7.96,10.84,11.21,16.75,24.49,37.37,39.16,None
972,Plant_972,4,46.37,84.47,7.07,9.08,9.41,14.71,26.04,27.73,12.15,45.22,None
973,Plant_973,3,37.11,98.71,5.28,6.37,11.57,-1,1.69,35.86,2.31,26.39,None
974,Plant_974,9,50.13,88.29,8.83,8.85,2.19,8.12,23.75,30.7,28.84,48.12,None
975,Plant_975,9,42.26,86.8,4.68,7.93,1.04,13.81,3.28,33.32,32.62,37.72,None
976,Plant_976,6,85.28,97.49,4.28,6.74,10.46,-1,21.62,35.58,17.34,38.24,None
977,Plant_977,1,54.51,91.38,5.15,7.46,2.35,-1,-4.08,11.4,0.13,14.57,None
978,Plant_978,9,46.37,92.4,4.2,9.47,2.09,-1,24.8,38.29,25.1,33.45,None
979,Plant_979,4,18.62,86.88,5.74,7.61,11.24,-1,-4.93,24.25,42.94,43.05,None
980,Plant_980,4,82.14,86.45,4.24,8.29,14.64,-1,-0.46,26.24,7.59,15.1,None
981,Plant_981,8,11.98,36.44,4.23,6.29,14.93,-1,18.24,30.86,16.63,32.11,None
982,Plant_982,1,2.9,94.29,8.56,8.78,8.88,-1,3.09,23.79,17.49,43.97,None
983,Plant_983,9,53.03,67.14,7.26,8.05,5.05,-1,25.57,32.65,16.48,31.97,None
984,Plant_984,0,5.78,55.78,5.74,6.91,7.61,-1,12.37,29.15,21.56,31.44,None
985,Plant_985,6,23.6,77.07,7.29,9.51,11.25,-1,11.44,12.86,4.81,34.47,None
986,Plant_986,8,62.37,75.31,4.92,9.87,7.57,13.91,23.08,24.92,28.81,47.38,None
987,Plant_987,5,31.1,31.2,4.12,7.75,2.19,8.92,18.5,32.99,35.7,49.07,None
988,Plant_988,9,82.59,92.76,5.23,9.48,9.94,-1,35.73,37.9,2.85,22.43,None
989,Plant_989,7,78.22,90.95,7.95,8.96,2.62,11.47,-3.07,16.81,6.87,29.28,None
990,Plant_990,4,61.03,67.07,6.89,7.75,0.82,15.94,-0.89,29.1,2.75,17.64,None
991,Plant_991,1,39.3,76.34,5.72,7.1,1.76,-1,4.92,13.56,13.1,16.58,None
992,Plant_992,5,1.07,83.09,5.23,8.23,13.66,-1,1.28,29.67,31.07,34.34,None
993,Plant_993,0,90.91,91.52,7.8,7.86,9.82,10.22,-4.38,-3.42,40.76,43.75,None
994,Plant_994,9,71.74,78.94,6.18,8.88,9.24,-1,2.45,2.68,33.02,35.84,None
995,Plant_995,4,6.81,89.82,5.07,8.73,14.24,-1,1.55,21.51,20.2,40.72,None
996,Plant_996,6,43.59,67.88,7.15,9.22,8.29,-1,-2.86,12.47,29.95,41.37,None
997,Plant_997,1,28.05,48.38,4.31,4.86,7.95,-1,18.43,37.72,19.96,40.61,None
998,Plant_998,3,9.91,78.68,4.34,9.87,11.46,15.74,19.36,38.14,24.37,27.89,None
999,Plant_999,5,1.14,14.22,5.94,8.35,2.7,-1,-1.32,4.19,13.65,35.16,None
1000,Plant_1000,3,75.19,89.16,6.86,8.97,11.07,15.41,17.68,21.14,11.43,20.99,None
